Country,Flag_Base64
Afghanistan,iVBORw0KGgoAAAANSUhEUgAAAHgAAABQCAMAAADlRUG7AAAAgVBMVEUAAADrmpLbRDfmfXTpkIfkdGria2AAejbTIBHeV0zhYlj///3dT0Loh33to5zgXVHVKRtxtY7vrKXXMiTxt7Fcqn70yMLYOSuMjIuFv57WLR9ubm0aGho3Nzd8fHufn56Ux6pgYF9RUVGq07oWhkctklpFnmz43NjF2syysrD88e2+e0mOAAAHmElEQVRo3u2ZaXPiPhLGo/MvyTp8n/gOtuH7f8BtGUgmW7sVqkxmX2w8NRRjqPm5W3083by9PXmJJ69/nrzefsG/4F/w/x5cF4L/bbATOsTahZIkGIskSf4GOFRC4FDXqqD4SjC3vOa8+AtgLLHWtODMEFKLgiJdE4yNK34SXMjQJaFGKmRwxpxih/2jMMUZUygJfwocJpg7bGK6m+ZhVvl3CRZUa8l38k+AiXDxRyDXCU7C8ONoFU5D+MKPgJkWySepcI5xLT/DCrwu+U+ASa0kwg+MZgZZi8xnQGMkVc1eDD69jazWhfo0GHwrsBKO/VFReKFrlr2/vw58atuGq0L/W5FiuPh6QxeOR8v5/WXgZupG5Gz4eZr7Favi640wdiaKsuhV4Ha89CXjj8KYxHcQuR9wHT98kSg2zHO0vAbcltOl68xHXCkomb5gS317A6W7eDwUplW1ZcP5JeCmvFz6Kf44SVSHEFhQPopQK1XDjUR8HH+6zNs8RK8An8p+KrvmM3ypBBcri6ExQb2SQhj5mVQsqoZlfsLk78FjMzZb06tPi40VNaEcrNS64FJQYz8ao5qjDcIrOww+ncqp6cuxcx/g2IDbWUx0IbRKgG9ZWn9kVJUNQ7RU32bztwYDt9vKbiu+gjVilDpiHTzQn+Biq4atirLqsMVNW4592XXiK1hY6i+U66/gsKqGOauW6KjF4OlT35RjcyvQD3Ch2J5JocTJA3xLdDA2Gt6z6nwMfGr66e00Nl3pOSwOpZR5vto4N/J+KZOnq4Kktmi3OIrA2mz+zuTvLO7a/bVsd0caEV+Z/HK5Ox7fNedS7cglOmhxuY0nn1OnPXKQBrKT/+GCcob2+Dv7THrPtuqYxZBKrTf65C0O16sWMkil3K3mlN6sh1c4cbyu/qR9bzpXy5xlx8Bl34092OzBcRAYANs0kGlO4tyi9JrzOJBxAEml/KcABu6QVXO1HAK3zWXsmvHkLabBGiAMYIYkQXZ3bEIDSyVDTtQ0yK/Mg98ziK8tOx8LrubSlFBDWjjjFMC5vIHZh+hTAdrBOA/yIBXiHfwMtWs7GFxT1/ddXzYlgG1wvQZqB3PzWU9MQDxYB9d1B89RBZn8bVP+ztU99ERPP4kiDcBkiwLCGefEKXVrWDQw/gZ4OghA4p6Hocq2uZqXg+nUd1tXdn0rUrBoXRUPKARx4usluU1wAdQS5viaw8dWnGcweIuGg+l0uoxND/E1tgIOOMhDp3ZwyBjlbh8TMRyy5FqF/gurWEB0bXOUzcfALWiA8dJ03Si8JyF4UYBAdwgiBYxLDMhJYCVT8I7n1yAXPqTnpaoORvWpBak3Tk05CQZHDBwWQGgxDyYqT+UOJtaA25PUZ3I2RFkG1OVgrZ4epgtvcuKPFBFLBIHa7CwFyQtgYwn3TwCeFo+YWv45WEDG+zsJhxlA0dABUobfwDrNjQcrQ3bTAy7k/f/NooMFZLxcGhBdzQRy8uoFQOILhhJcQSRjSeOw8Ge8Z5YNQFhnXtFH85wd7E5QPcqyabox5QLtyjlIKY0phVcaw1Gj2N9AuyxAgqWgAyCXhqPp9NZ2l77p+8uF0nul8tlDoICA4lKU5LkBi+VjzEBonqFgDlu0HJU+I0iusb+U6DGiBmC445JI+KtA3HJ/Qz5GVTRAEkN3yo5qrraF6tGPl4kaKm+uBgMJHLMDruJU5kEMFWXnSmpMNsCfKFvOh8Hg7KbsLo5b4m1OVzjOkHHpueBzt/obu8mYWM6hR0DFXM5HwW8jdIkNxidGCMMizFdzFx0Q1aB4GIi9Xfpwv/4BTTIDd56r7PAI0zZl30OrMJb5gdHG9L9cSGjDLI0GGFSH6Hx8dprai5f0iMUx9EI/Fj4G9PAh4/0N7RyJ4UuV1z3n80vm46nvR4jqfXrCKhR8H0o5hca8o0FihvuqTTiI6myYl+VFG4Gy6RvtzcLcpCC7sOcVMKVi/zC1lhilhnt0qCOQPefXbARAz0PF3ncPMTM0Z4r4DUDtnHTwNEVBFFmpgflxXylCwXzd1mfyCzbwo115blJoEgrfdkCywIoZFZucrNZS5xds2au2PidQt9OJG5PHyKwIgd0slj6c/F7PWfgXQSY11uaE8HP2fs5eswN5m6a2nTSiKCUpoTEktAMtLb36kNoZBzKIcpqTFFEql2XJlpe5+jR1XmaYnKYxTQmgucYYHI6dgspCoFHFNDeQ67Z6crX3FHgqT2+cWWkQotaynOYwwiDAE0Rzm9IcpZbCGUjE1Pm9Wl4G3oc2zLhBhngGZBBFNk3TPEcM8oxahBiAORTV5xaKz29v/ZhaQC6Bv2MR+lXTY3Xqp5kUvJwj48epJ7nPg2Oua8mdM7YWjGCGbz9QCAM9QiSxcdCja83jV4PfqNJEwhR8pVSFSUKJrkMBw1sa44RTdMWilkQr+vpFObLeSArVEoKMJ5gZA2USJnVGfWJ5ZaTh+F8N3hi1vlYZLULI5XxN917o1/TQk8KEmBuYbK+2mCE4RgPqck19v+D3FSPnvjOkXmnC5yAEfuDHkETvHSpkiHIV35tyaEF3IRb+pR818R+/Ekj8+/vxL/gX/Av+PwH/C9m7DzAgX0t4AAAAAElFTkSuQmCC
Afrique du Sud,iVBORw0KGgoAAAANSUhEUgAAAHgAAABQCAMAAADlRUG7AAAAb1BMVEUAd0ngPDEAFIn///8AAAD/uBzpb2dAT6fs9fIVgljEqSZukjX2th2ldhERDAFLNgi22MtcqIoogUEbfUSmz7+nrtZMn3/97+7p6/XopxnqqBlPXa70uLQPI5DiSD72xMHjTEIVJ5PurBpUPQlVPQnqfoiZAAABhklEQVRo3uXYi1LCMBSE4WNNQQUVLyhe0eL7P6NNaSGFJPSSs+uM+wL/fAy0CSKtXS7O662/zlQnh7u7qMvPE2wYhRbPIGhfGIIW//TRgbA+WoJTRofDDvr9UyF8Lxy0zGcctOT5FQVdhvOcga7CDPQ2TEA3YThaNq85BS3m5pqCFmPMbYOO/6Yfk6JtuCv6KSW6CjPQdRiPbsJw9D4MRjthLLoVRqLb4QHoycAdhnujh+4oXKJf+qGThV30gxraF4ag/WEAOhDuih6xULgrOn1YGx0J66JNdIroeFgRbU5NC30yrIXuEi4o4d1HXcz+w5dLi/tHHyCkRybrJUF6LbIOAqSjD+uwRzreQriecN8rzHI6cDKKu5pmQzfqmrr8yFKEgdxWGMl1wljuPgzmNuG+l/HVW5alCP/AuVW475+oKbg2vCk6cRdJuTZM4TphLHcXRnObMJy7DRO4NjxncG2YwrVhCjca1uRGwg73OwOGlbmhsDo3ENbnesMIri8M4R6HQdxyv+/KV7J7qvT4AAAAAElFTkSuQmCC
Åland,iVBORw0KGgoAAAANSUhEUgAAAHoAAABQBAMAAAAkQHyHAAAAFVBMVEXaDhUAZK3/0wDjPg/BuCrvfwl3l1x1G8OpAAAAY0lEQVRYw+3VsQnAIBBA0VvBJr2HAwRcwQHcf5poEQgoCgpK8P/mGl/nqZiiS1WjpNK0ppmg0Wg0Gr1Xh7KPdqFZPlLp1Z3QQ9pXu7P23YTOau62sKHr9dyLzC+IRqPR6B/rBy7mjPBqCRYuAAAAAElFTkSuQmCC
Albanie,iVBORw0KGgoAAAANSUhEUgAAAHAAAABQCAMAAAD2kgFPAAAANlBMVEUAAABMAAA8AADSAAAoAADiAADtAAD/AAAWAACAAACqAACaAAD0AAC2AACNAABuAADDAABaAAC2wz7cAAADQElEQVRo3u2Y247zNgyEhzoNqbPe/2V7IW+ai26axa8NisK+siEkn8khh7LAD1+4gTfwBt7AG3gDTwO9lfj8HIv548A4EknWVIcAQBh5L5QRAEBGTZUk04hHgAOOJL1rbcEmgLYXGoBpWK25SJIOdgSYAakko4kpAEA9SfrrwcQiySpAPqOhA5wnyeIAAAiFJEvYT66Q5AzYmTgATAJAuoSSahsKQAvZFYCOVlMJ0gXAqoeAnvMKDSMxBgCDHABcZBrXkkx6HtLQyDjzVqwxKYDeAWhi20LmmUj7qqY/BHogWJtlB1LIfsX0dF9mMwX8mZQ+ANgtMb/u524NPL3AGaeJ3axfyev/FKG2btbjIacpWshHcWi3v0OyqzExEsmiZ/pwAjoc/uVy45yGpoAr9QXT1eIAtWPTwldWexWfkdWfmhZeSmILrzMaGlORM9NiV/7wr3h+ffXJiZRmGbmml2XjUspD8jEN9zB4mdL55h+9M/FlrQBt8j1uNUVY65CGEwBWfKWh+ijAuT4Ui4z6KqMa6U3soIZZXf+eV5y2gxr22QZccvimcAJcChht9jMaZgA6kkGo4qFPuVWFd0qBbW8/M4DZrVQWuBpRIsqTx/WCWBCrQ2YqVg5qOCCsonU5PiU2MKwEqfWtLem7wNrNAkLNimIh5mf5cgxWoDkFBLNez5j39i4OFHpGxSWj6m4HFgymAABnioZ+yEOdHADZ7+ApQHj4Z5HhD2q4yUsBhMq4w6kBgK4ffT+95TRBr44M1wzKAJAv1wtpS63hmNNk5zzJVNzedO9CDSQXAFcSyelcOxNhMi2z6JKAYFm1klcndjJpyBYQZGmZXa0eAM688swKWCSZ/NO+tJM+kYwGaJ55ZX8mpeakpya6yDif56K0Gcml0lIX108VzYSmbQCZCoTH9r4FIDDvhk+KU22RU/oyHdbc63oM+tpz5ZduKbXTfbjjFVxJFaz545//FBgVGNfn0xzYyf7Vg6HWPZ1zgDih7/O3IySjCaIBFrGPL34dqDrpAMemIX0ASJLl8tJPHe7FXTTxY8Btpva5CMmwh8XngPOtbf3JA9q1PnwinNKHgf/bM+8beANv4A28gf8F4F9N7uPEzK+b3wAAAABJRU5ErkJggg==
Algérie,iVBORw0KGgoAAAANSUhEUgAAAHgAAABQCAMAAADlRUG7AAAAS1BMVEUAZjPZMlF4NDNpOjOwHTPog5YZWzL////SEDT309rslqbeTmn98vSbJjM2UDL1xs/87e+/FzP64eXUGjxWQjPwq7jkboTXKEjgW3Pr+gnoAAABiklEQVRo3u3Yy7KDIAwA0PgAAqj41v//0rvoLaLS6VQnuEmWLDxDgBgAuBHqRgDDDDPMMMMMM8www19Cjnld4rBk1vQJ4bHGIDLRpoFzPMYgKnq4KTESg6GGi5CzxvVKVW6aB5xp4SDNXSG3z1QmWytCOHBzeThOYqWDtzyXzfkc64kKbrxbRwtI3xPBfj+XHypXSwP7RJfyDLd0x0n6RDfnWi00HVwcFjiEHRLCfoXlCW4XQlgedxYAiP8MWySEfaaLbazKMBNaGaSE69PWAlAaETFDUtgv8a4DMe/RiRzu9q2P3doBTQNH9hYopfohbEU0AdzFZ9ySw/E1TpDq+lw/QCnxHnVkmyuPHSeX4DiNvvUICsiSoIA8VjJji5zkJ/Hcb/GxRmCbcpe29dmK18dmj6rL/NbeOk0EBxeJV6O5/9RkqFIdyl1zgKvVJrq0lSPsLm2W8tL23DUVQD50MT9O+hXz768g15589rNerzz83HpuQlysmK68+fDLHsMMM8wwwwwzzHAK+A/3aZOSAnqoXgAAAABJRU5ErkJggg==
Allemagne,iVBORw0KGgoAAAANSUhEUgAAAIUAAABQBAMAAADFB6uTAAAAD1BMVEXdAAAAAAD/zgBKAAD0igCIH1qBAAAAPUlEQVRYw+3MMQ0AIAwAsEkABwQFJBjgwL8mROxZSCug0dNaOBwOh8NR9dhpKwDgZzftxEwbDofD4XBUPR6r93nq8Sh15QAAAABJRU5ErkJggg==
Andorre,iVBORw0KGgoAAAANSUhEUgAAAHIAAABQCAMAAADyZ9FyAAAAb1BMVEX+3QAQBp/VADLqcRe6mmmLdUy2lWWxj2C+n22uiV3euyXEm0DrigzoxRX72QD10gTyygfxqAnbPRvEqHPZKhzLqlHVszrgTxW7k0ukfVXPqS7lYBDGbkn+7KLkb2PFYDzpkonaeyP2xaz+6Vz+4zKD9ViVAAAC0klEQVRo3u3Yy5LjNgwFUCRG4wKkSEqi3rbkx8z/f+MsxunYs0j1QuzKQtiotDrFSxIURX99oT7oi3X6+wtFB3mQB3mQB3mQB3mQB/nfZD2ESBSdS99FRjXzznkzH4uTMdWJKIEVZlCdaqK6TqkcOSjztFDsTUVMMvtIAwAZCpHJsyrLFMkBkjOzOIreTBjPhPcmnUpWFe9cj9lmgWnvnBcWZRuKkLVmZlUWARSsUGaBqLIoQpm5dKp6vV6vl+v1crF+uQ/Vfbj7gUVcqeXjRLuu69atraqLa7r6NFJbBcFC5Ujuuu6xrqdT80pOoQyZhsWMu+72Y6W1615Js2Wp9yeDwmbjrltppZ/bGwmx3yPdlYw9zAzcdQ9a6Uf7SsIEoj7tTCY1NjHpuu3nSo8/ghVRnurdSSgEfLtV62PdtsdbsMx5fzL2YKjx1my37dFut9dgRUV592ApMMRMx3G7tdutbS9DM7r7KZwrB3CJ5UMUbM6q/dRP3nvvc/9ZrBm/t+bOpIMBWrfN2Jyr031w0S0xxhgDIGauRPcJixinJ1kNjs5t27ZtDDB4V6it451M17YdzxRErFRbHwRvJFUVVRUFEQxFjujFs5i+ks415BwFQKZl2Z9MmBn6Ssbxeh7P5xhEGGb1/m3dDKKfK7YaHLnnXAJShKRFWJjD+1w21YmcQBgFNklUxYy5H/8NNoaFmiZk45nVx93JWgHMbNLf/eS974eh7/th6Nl0nkVl/2CTiirPYmZmgLEYADOYfrAqFyBjL5yz2WxgzTkL5wyIYTbRrFwgWErKmrMywIDNNs/Z5MNYc87PQe7/6exFmJmZn08Inq/Pg2T/hhfD4ifvvbCI5qzMjGmapmn556JZ4n4ZY0qpXlhYWJV9qFOK8Rtu0Q4QiH4eIN9ALgYxVp79t5HR+0nET3/e24v+EUnkHKXjv89BHuRBHuRBHuRBHuT/kPwFMuhZrFNiNAoAAAAASUVORK5CYII=
Angleterre,iVBORw0KGgoAAAANSUhEUgAAAIUAAABQAgMAAABKR14zAAAACVBMVEXIEC7////ljJvMIt4LAAAAMElEQVRIx2MIRQERDAwMnKhCDgyjSkaVjCoZVUKWklEwCkgBo/loVMmoklElNFICADGte1+Ut0GUAAAAAElFTkSuQmCC
Angola,iVBORw0KGgoAAAANSUhEUgAAAHgAAABQCAMAAADlRUG7AAAAYFBMVEXMCS/PEyzzvQEjHAD6wwE3LADnbhYAAAD/ywAQDQCsiQC4kgCkggDvjg6PcgBwWQD4rwbZOCPUqADFnADktQCaewCCZwDdSB/kYRnhVhzXLiVOPgDtgxFYRgDUJSj0oAqcoh8AAAACIUlEQVRo3u2W2W7DIBBFMWY5xnhf0sRJ+/9/2YdsbtNKdVWIKnGfEA8cZpi5gxBJSUlJSUlJ/1ndQYh91cUHV7R7CVV0sAKANjY3qyQAxye88qECqITIoqN3LdC+KBOdnJnzS7/EQ15RnQJQ0bKdcUXtAA7RAt6zuy9hH9E+qtUaGcUrjTEGlDHGdEIIkUnYi9cIdcVF6uWWbKliWNihPbvltaQyBdBFqWmAewsZgBgusgO417XoVnkPPhLb9URU6/gDZlodM5EdV3b1Bq8xGuqc5N29nI7rxMeUCW9e3Xet3R7DJrs9fBNx4Ebuvv7dHSFweZmvjeINYMs5dqtKYH7YLaDfdMzvwNSfd08wBQY3AIMrHq5zCgy2PYBzer2XA0VocD4CDL5Z7XmgzAODL2Q53R9VA6BDg23hAPDuEmMxApQ2ONja5ZzucrlWlnTbAv4t2BY1wDjV1toJWOy22toG/nC27gE1ubwGms033wLOpf+AbhRQltozFiHBRQ+yWSPyEuj9POODRjwDyPlWREXjmxFk7RodFHxpV1Tp63lyA0DtAV8GBi88yBW6h8E1YSMeoK4HtQIv5ycYax+ynazV9WUi9FrnDfSLtdbmA0xT8CFhc8Bba4v6NhZOUjVyCe/VWn+eRMVJffUx+XvLfNRJqt4VTwDbvKQf9BPA1jaMP/4A/SnY6p//Nf8WbGflngN+RlUncAIncAIncAL/e/A7/X6Sg0/KhpQAAAAASUVORK5CYII=
Anguilla,iVBORw0KGgoAAAANSUhEUgAAAKAAAABQCAMAAACpg44GAAAAVFBMVEUBIWn////IEC6azP//mgPBydsuSITxw8rWTGKrtc389vD/qyyksMr/4LD/zH7/7tWy2f/trrjROFFcc6NDXJL/u1X0ztQXNXe7xNfi5e60vtOCl72vHvkNAAAC5UlEQVRo3u3Z3ZKjIBAFYI7baoQAu6vEOL7/e+6Fxl8ETSVK1XLuJmr5lbTYMOyWo8szY9YUQNIHKOznZE88bkmSJLecfTpJMhB/sveAEx7wBaCH6APOeF8A5jcP0Q3Mfma8LwCf8BBdwBUP948DWZa6idvAxeACuGfsG8mcT3ELeBrPR7QDT+W5iTbg6TwXcQ28hLdNXAIv420R58BLeXZiMwU25/PSVTj4I8/z/MF7xASI+ZFmffXHgdiRCdCb/w+YfDgRGIGhAuvFn7Xz8AXAsilHRNZy3o5TfF025fVAAE1bZayu2rRfR7ZVzbKqbQCEAezD9Xr6LC+fqCdAI9eXVZcDq/EUIbTeD7Q1C/1IDI3BEjgcOdAsTIBERGSUBsClF7he43Xpmq6/f5bt1uJosbfdGoGSXhFCqGPANe++bFiLN4kjUHQPUEopzPBj9i7P0vK/R8xmD7AbWS70AaCdZ100FfYz9wENESlASgBavH6tvSOQbt3Uuuw8TqwXQE1CAnpnG7nN21y4HyZ2pyuuBBEJDUVESvVC/jbPsfVxkMghJbSAFmSGR/mqxuZtnnPz6BCxARfKKED0qF6oAcCx1kp9N3Fuv91XV7tuxAVpQFB/ke4mQwD48ZWG4xl4NjCXxM0bFQA0SWCYnI2SRESGA60b6Bwi7xbwfKA3b9R2n2FAgXdfUz3WYekCeipoxyb6lMic7YwiwwEQB7iUvHuVpXIBvQW+698QI9H9rZNEQgNklCEyHKavwXP3dxwzNe96BCIiIQEIEto7DZ6VZugUiEgYDkCS4J5Z5sQU49TSDTR073O9xCemHLtVMhxSqZdvf7v69SLk4rUg4UpJIfd8ic9LulyIvNrBeyDAcgU80k6f9h5P0ldgGoqPtb+tKYMBsl/WhONjmc1XBwRk5dpXsaDSLn0tY0ELg/MtRrlkAaYKtv5W73LNQs090PKbFWLJgk5ds5iYmJiYmJiYmJiYmPDzDzLQNpfUbT0EAAAAAElFTkSuQmCC
Antarctique,iVBORw0KGgoAAAANSUhEUgAAAHgAAABQBAMAAAAgtay6AAAAG1BMVEUAntv///8aqN/M7Pjo9/w9tuSH0u9lxeqq3/PX0ZoDAAAB4UlEQVQYGe3Bz08TQRgG4DdDtuX6Zoe2x3EB8ditAbkuBeS4bYLx2FqJHHchokeWH4Y/W1Taguz3TacXE8Pz4MV/oTnC0oo3/d2TZIhlREcZ79kCS5jwj8McwSJO9cwxAn3klH3LCwRp8DHrEKLkE0WCACWf2IlPHBY24N/eY1Em4zM/CiwmYo0WRFEXcw3WsA4S08FcgzViB0mUFZhZZ43YQRKlbYepDdawDpJkzB2HByXr5BANyG08qFjnEqIV0p7ht/WMdfYgMilpb/HLgLXWIDJbGWkL4PVdylotyFxJsh1NUgo6UJzzXkpRC7ImPdYgi+jRguKmouoACtOg6gqaaJ+a/hkU5pSqTpJD1qDHJWSr9CggK+kxgijK6NGDaJU+XYga9CkgatInh2iTHtZBYvbpcwtRSp8YojKmRwui6JQeezlkFXU9KCrqulBcUBWPoDApNQdQVdRcQjWmIoauoiJ2UF1Tk0MVUZNDZe4yit7BZ4WSdg6vDylJa/lMDwvY2vnyfbj57TPZ4mM9LMbg3vn+qOKc3UaIBCXnbI4wG5w7QqAVzrQdAr3iTBuhBpw5RCCTcqZAoFXO9B0CjTnVSRwCjfmg/wnBzG6WktnkZoglJMPm9c1XHGNZBi/+vZ8sOpTGol6emQAAAABJRU5ErkJggg==
Antigua-et-Barbuda,iVBORw0KGgoAAAANSUhEUgAAAHgAAABQCAMAAADlRUG7AAAAclBMVEUAAADGESYtJQPGpBD80RY/iZpAldQAcsbOESb///8AVZRDOAUTEAH1yxXgZXJQCA8hAgavDh/PGS399fb219tbTAeOdgx+aAqFChjtpa3YsxKhhQ3mvxNWUYoeY6dtWgmvHz6FMl7UMkTWOEmFKEwxfpiCcPraAAAC/ElEQVRo3sXT63qiMBCAYYXZ3dkNYGsbLAKiu+393+JCOCiQkJkE6fyoh6c+H8mb7A67b5nDbv/yHd2X/Q5fvyP8ijvEj+27H9iEcXPmA7ZhV+YocgXuwq7MQrgC92Ee87DOqpp9RQQewizmtH+T57OviMD3MIf5dOrehOH0GyrwPcxhlnHQvgFoX4NYMIEfwgzmCNqVBgDtE4QQMYEfwwzmAtTWSgCpNhoKLvAobGUeIHNQm50CpGqjIZ/9iwV4FLYyi3NnewK12eHw0vWCsyACj8NW5rQrCFCtGCBWTwGie56UCjwJW5nPEAbqdNXJoD5b9emqNxrU2QrOcCYDT8M25nqpcaUeoN5l2YRlvdEqWMX9winA07CVOW2KUX266imaP80j1GcravopHXgWtjI3oUJWMJpKxt26qcDzsI1ZwbbrvE/7MWAAa8JaZlEFj5utneEKB5WwAmvCemZRxGEqg36zNaM2OpBpGBfCDqwL65kjdZ6autSHZdNUJy0iAGvDBmZRAGH0y50B68OG29wuenn0y50D68PG22xbdCFIN9gcNt7m5UXnEe0GL4TNt1mau5J6g5fCOubmrizuddHfODuwMTxmjkSVt3fFPnGYVyKyAZvD+PlnmMvXD+Z8Xe6//kReGMtfq0yJ3PD+skb3smeH8bpG+Ir8MN78uzd0Cfszl+gW9mU2A1vCvsxXdA37Md/QPezDXKJP2J15Edgedme+ol/YlfmGvmE35hL9wy7MNmBS2IX5imuE+cw3XCeM5U/WlLhS+Hh8/82Y9+NaYcR/b/Tu219cL4wJPZzgmmHMqN0M1w1TmWnAjDCRmQjMCdOYE1w/TGHO8BlhOzMZmBe2MtOBmWEbc4LPCi8zZ/i88BIzB5gdXmBmAfPDZuYEnxs2MWf47LCemQnsEtYyc4GdwjrmBLcIz5kz3CY8ZeYDO4YnzA7AruExc4LbhR+ZM9wyfGd2AnYPD8xuwB7hnjnBrcMtc4bbhxtmV2CvcM3sDOwXxiTx+PF/60nqvOEDMJkAAAAASUVORK5CYII=
Arabie saoudite,iVBORw0KGgoAAAANSUhEUgAAAHgAAABQCAMAAADlRUG7AAAAOVBMVEUAVDBKhWvn7+sJWjbA1cxqm4bS4dp9qJZYj3cmbU4bZkY+fWIzdlkSYD77/PyIr56iwLOxyr+Tt6caNPsxAAAC0klEQVQYGe3BS7JgJw5AwSNAIPGH/S/W9eyO7mlH3ArbAzJ5nud5nud5/nnNAKdGwUEAHVTBOiyo6USL5/a6Um3DGY0olrrwkRXv48Six1KLYRBLt7pGKdKCeN2NJNK1uEgaYVmiZ9cYKp908xGqm+1yrpCsdnzWaLLdd8trwDrQwqCG1kMPjSCQCp9IGeWC9KRmlxQN7oLmCfT27FCkmt9ITJF1ExzgVD4RuIoPz6Ixc4bBVogtw8joAVOxmKgk8JshAbvziVH1ApZlsbldaXYirCSwu9oZfVHJdBIyYjDScJbxSWGN1KPulZMeiuyWYso3lDZDKO0My37opHo9RY2kINtP1cInmi425+wxzdwxbbPQT1rQSqkWIy3neOttFrfvwpZ8WlW5fGPRtLYKZKAtHGVQHGLt8ZRBD01RhdVqZIkHo/nhE0urFPCQY4otyY6HHbOVg4vSdg7Rd+jIAjVAFQvDR+aTqqIVsuWbcjo7nxAOpYzpqoqmHKovy+6HbtoVK0hKEPgk2nZKPXPOoHie4jYYYZwCLc9daitqkkdqQwpltEtfq5D5wlXaNRn0eEurgwQdKNZS3EEHP0TRsm31xWi+8RuzJz4RG6wI45gOg4NLhCLkO3P6U9AFq0T3S/S4qRu/m0+KCk60oHVXgU1NeErErOWXM2eycWttwgihAoW4YRU+OR5WOXO7habSWUQ9U6lpKWje6sByX5HVbqp9S2VBMz4JraW03NPu6HSknXkrFkrL7ncANjAJRpPYy5xr2VAk8Y3Oba3kLLXC6CXn1Kk3dxkeUjZw9X7CJm7E8Ei+3s9xPmpp5iug7rK3Om3OuSLXqXtO8TbWsVhOFo52wLpq5beRVflLbxFo/GhWcX6UAhb5JVae53me5/mH1FD53bz8H24oP4zfyfL8j/A/+b/Sj5l+CXMKf682W9uthGn8vYbxJ+d5nud5nuf5l/gDo+Ih3KI1incAAAAASUVORK5CYII=
Argentine,iVBORw0KGgoAAAANSUhEUgAAAIAAAABQBAMAAAAjLmDXAAAALVBMVEX///90rN+jyOr7+Pfp0bDdsGbYplL17OLmyJrzsQ3gu4LGgBfQl0Hu3szdlwzCJ7FFAAABQ0lEQVRYw2MQpBAwjBowasCoAaMGjBowagBVDVCiEDDQGjAbGFCind3kiq9zAQXW17a0eFVcJt8E8+DwiNarVsVkO2Bx15KIZV0eVuQGQ3lZqVtWWEpsOrlOMI3NyDl27IxbSTiZUXDZrSdt9+6jR6JsyQtG5tYlb3bPnLk7zSOCvEAwqXU7vXPmzNlnUmovkOeFpWHZ8/a9frknNII8L1h0LAUbsG1VRzOZBqzKnjnv5cw9WWQawNsaCjZgV2ooeV5gcXfL2Tnv5ew9KdedyYzGljP7Zs58neNFZjSyX17qE7N7d9qRFDITEkOpe8qZnJyjbleTyc3NZVfdji5LCU8vJzs7r12S1eq1hOzszGC+ODaitZT8AoWB2aR3iYfHdQqKVUoLVaAbmCkq1YkCFFdto+2DUQNGDRg1YNSAUQMGlQEA4QxZ9zVZhOQAAAAASUVORK5CYII=
Arménie,iVBORw0KGgoAAAANSUhEUgAAAKAAAABQBAMAAABsc2MHAAAAD1BMVEUAM6DZABLyqACiDTW2iij28IfTAAAAOklEQVRYw+3MMREAIBADsFrAAhawgH9NWGDo9JcISFZZhEKhUCgUDg5PWQAA/t2y7DKhUCgUCoWDwweHp8OgjGuKVgAAAABJRU5ErkJggg==
Aruba,iVBORw0KGgoAAAANSUhEUgAAAHgAAABQCAMAAADlRUG7AAAAPFBMVEVBj97R1eiTvet1rufx6vGxyerr3Ob/0QDQwDfvM0BeoeNIk9/0aXLvp7HsucPxVmLzj5jxRVH0fobrytRmpL7tAAAA1klEQVRo3u2WSw4CIRAFB2jQ5j/M/e8qY3ShOxPlLXx1gUoKumHbCFlGQonFYrwxGIzYdsHENq04TGnNHlK6qAqkdFatiNaiqmN96+Rnad0lrrVaI6dXtR3Br8odrQkl65N9VPHu9wOdJPSmb+Tp/v0Uzcr5Rdv6ot7Jealjf1hLMHbhDZvue/B6Wtdu7Hich4t4n8KM3REvsh+qIQLErmrD/AQEU3q2zgei9BznGkC/W/EgsXcbIYQQQggh5DOuILYLiD8Uw86YcIFwgXCBcIEQQgj5Ojde7SmoGGggpQAAAABJRU5ErkJggg==
Australie,iVBORw0KGgoAAAANSUhEUgAAAKAAAABQCAMAAACpg44GAAAASFBMVEUBIWmqtc0aN3i7xNfrQWH4wMo0Toj////kACvAyNo7U4sLKm/v7/S1v9T5x9AmQX+SoL/N0+F3iK/6zdX49/pidqNRZ5nf4+322LZRAAADGklEQVRo3u2Zy5arIBBFS0w4InABA/r/f3oHmk7iC4ykm0HOIN1r+WCngOJUhS5XjNKcVlUBzSSgWr+H17hdmqZpLlfKraaJIMYBn/CADwBGEGOAL3gfALxeIoj7gFzj38sbsgPWswEWiHuACzzU2QGpFYtBeBogX3w50dIntI+4BfhreDHEdcCzeFJmQ1wDPB+9vs8WxSXg6egRUWWnf84jzgHPR0+6zihlOiezRPEVMMvW6Mcn+zzbRT0Dqjw7VwOATrtXzOUU/O16vV5vaoJ4ApxdUW7xeMKQphqfrlgKIBL0AIwrPiKrnBq/XRLh7wMSkYT3SNwiTWYlDcrR9+AFA/aBKPQFA7Kfj0IBjzrqL+AX8C8B/yRRr6ae0gF1m24WJicwGgO/BPy58p5ZWPFQnZTeUmvjx18rJoipXv43t1uzq3WeQkl7jcGhPYp3WxjWtv4IIlMAYN/AW7X8BxFZ/FDrPAA4fhxvo2g6hBhCzNy4++reXoRbeJtlZyKiYURaj393Ymw6AAM38jDeTuGehuhE8D4IFwligB0UvYG32/qYIa4WUMYDgDcRQGuJDfINvEjzKI4oBQCIWIJrNzfTAu9g+22GOK8lwzDeMIRzZ/EmXkID8xVxtvr70AFAF3p2AnAHL6kF/Iy43KEYBrD3c3gEL7GJ/kBcri5ljDpx2kTwkn+GuCMuEwgn4oHK1f7+5ZzKlrVl4wnvRcmIsga0LDqE3hc+x4xZ+qoIGVM4YNcVDuhc2XwMZwzJJ8GmpdcB3aMKKkm1CHL03YKIZBC6tBAqKMslADBuFVRxMx2mn8OmjwKNXf3cXNMl7hP14FNFbuXuAVhkth4bT1MEyyN8NJ5GubJqCGaXTWibxQHnMR9GDH7O5weR4935zIdkJtzhgmEyy7wwco6MzZUT+jtgny0vaEDnywkdgLrOmWUcAOQzcBXgpHTxLnzylIxHZ64JIQEniaSDyJMa9M/BmWkRqrE3K4chl8lsAaDNZS3lML1oq4n8Rv6C1shWhj1ax9ncdF9LWWdbgp84QCWRLL3x9tVXX31Vhv4DhY1dmZ4MBPkAAAAASUVORK5CYII=
Autriche,iVBORw0KGgoAAAANSUhEUgAAAHgAAABQAgMAAACv9VkaAAAACVBMVEXIEC7////bYHQgqVWYAAAAJklEQVRIx+3TMQEAAAjDsJnEJCpxwAwkb+8mQLGvzEuW5WkTAcUB0Vkq5F7zeYUAAAAASUVORK5CYII=
Azerbaïdjan,iVBORw0KGgoAAAANSUhEUgAAAKAAAABQBAMAAABsc2MHAAAAMFBMVEXvM0BQni8AteKFezROiqz////8ys7wQU3/7e/3k5ryU170b3n1fYX5sLXzYmzvMj9Dd4NnAAABIklEQVRYw+3Vv0rDUBTH8TMZEsXgK/gKvoIP4PIN8U/FJYPUIYsdirgVIyK4tKCCuDh1cO3oopvgIjj2ETLpZh2SdJf8QCnnN53pw7n3Hs61dXHMQQcddNBBBx1cYHBTHPuLBC9FcZQLvXeAjk6cwOVd/7Wr8kLo5KXNwisR+Ez6ZGYWjzXeKuxW1dc0UoBL8FZV8X1PAR6TVu8bj4NhfqK4wu2m1252fd4ezNivqxXgrD04YKsZ8MH8OtsEDqpi+QNIb/4dGMuPnLEjfZTZkD3p2MQPJHUpGuxPaNbMY8/K9mBEM9lBLlkO8/VlovVlISS5mckWrE0guT0dXcj+lCiDuktN4u9RURxOpT9z+Yt52RDH1sRx0EEHHXTQQQcXGPwBvo0T2NaolaEAAAAASUVORK5CYII=
Bahamas,iVBORw0KGgoAAAANSUhEUgAAAKAAAABQBAMAAABsc2MHAAAAMFBMVEUAAAAAd4v/xyxAi3MIEA4MISEJb34AN0EAYHAATVrtuSjOoCNPPg1uVhKKbBeifhu47q/gAAABJElEQVRYw83ZsQ3CMBSE4SuehZAAiRVYgSkQEulQJKqICdLQZwRWyAiswQYuGYEJ6AIJjhDxXzwP8DW52H5nlWt2SRcatCsMyhoYVGhgULMKBrWjQZU0qCMNWg2DWBw7kArPG4TC8wFqToNIHHsgEcc+COxlAzA/PBqKDQwqVDCYG8dvMDM8CTAvPCkwKzxJUDUNZsQxDSqctxPXCKhlu5m2xkAdaFB7GtSdBi3CoOwJgwo3GNSihUGtWhhUQYN/h+cnqEiD9vAORucfpXAebPrXozcHfPuKzo+Ak/NjlD7o6asIfVmy2vmFs3R+aafHCnrwoUczfHikx1t6AKcrArrEoGsWugjCqyq6TKPrPrqQpCtTutSla2e6GMere/pxgX7+eAHkkdbed33OBAAAAABJRU5ErkJggg==
Bahreïn,iVBORw0KGgoAAAANSUhEUgAAAIUAAABQBAMAAADFB6uTAAAAHlBMVEXaKRz////ePjPskYv76OflZVz//Pz0vbnzu7fzuraLuusRAAAAe0lEQVRYw+3UsQ2AMAxE0axwEkrNDKzAAt4CGIAR2Js+gsI6Fwj9DPClOM5rGs60tPQZG+qn35DW2W9oC7+RHcpjQ/3yG7mhvDV0hN/Y4wN3KZhpwdsW7Ji/6wV/ruLv4wd+4Ad+4Ad+4Ad+4Ad+4Ad+4Ad+4Ad+/MyPG/dBk/R0m33JAAAAAElFTkSuQmCC
Bangladesh,iVBORw0KGgoAAAANSUhEUgAAAIUAAABQBAMAAADFB6uTAAAAGFBMVEUAak70KkGgP0R2SkclYEtMVUnlLUHMNEJGWWjkAAABGElEQVRYw+2XzQqCQBCARbPOo6XX8tDZ8AWkSK8G0TkP3ZN6f4IISt0B5ycp2O8BPnZ3ZufHcSwWy6+wz5IkO0oM/hqe3HK2YlvDiyjlKuANU7KrPxwQVwzFpIEWAcNRQIcr/Rh11xGTHSfocRe+BudFZmCAGN+VybGgJblJAREp5adGBywpjo3ZMRclBz0yLiBU4ucgPcgBc5yF2UHMkAZzhMPDgikIf9dHHTDY4eGOfEyHizsqBUf6I+eo/i0uGjmmkesafw4rp6S/r1GDNGqhRk3GekM8co9S6ZWeMNPx7hCSFE4pvoo5MuTpsug7yMNlf6hjDLmlcKIzhebCWl5atwl4K4xXC9cGpR1IZRdT2QktFss3eAA9LV3hs/yQXQAAAABJRU5ErkJggg==
Barbade,iVBORw0KGgoAAAANSUhEUgAAAHgAAABQBAMAAAAgtay6AAAALVBMVEX/xyYAJn8AAADzvCTHmx2DZhOaeBaxihkrIgVENQldSQ3isCFxWBD6wiQRDQJJFwjEAAABT0lEQVRYw+3Wv0oDQRDH8R+cJubPCb7CN39MTAxHniAEbLQJwWAbAqKglQixlBTahjyAhGArSNBeUlintkznW1hcrkszd43oTrPNfphdZphd7W0IbYiN+xx22GGHfzP2ggQ41U+AM+MEeF5LgGf1+NijEdjx16kkKQsfkqSjFwNO8bCU1IaaJP+SvuXYIx4lfwRVSXdUTHduQ0d5WC9FE87CUO8XcHulIUxNOActyYNAStN4tZVqwTjCGerGOs8pRLhJwYizlCM8YGrEaQ4iPKFlbc9VY439VcXc2wtaId6iZMZtOiHepmbGO0xDnGFsxnnuQ7xLx4zTHIa4ScuMcxRD3GZpnySrfXkQ+DeVGGNoVAozd6sx8Kx6/QTfn5N6DLxgHeUYuJsED6ACI9iPgY/PTjwI3s6f4w59ggQvhsP/Afu93tL9PR122OG/in8ANJoVMwahzWIAAAAASUVORK5CYII=
Belgique,iVBORw0KGgoAAAANSUhEUgAAAFwAAABQBAMAAABmAw8QAAAAD1BMVEUAAADvM0D92iXzazZVSgz2L4TiAAAALklEQVRIx+3KMQEAIAwDsFqYBXCCf1HcNbAruZO0d8qdFl3XdV3XdV3XdV3f6B9TzwQQf0d55AAAAABJRU5ErkJggg==
Belize,iVBORw0KGgoAAAANSUhEUgAAAIUAAABQCAMAAAAA90aSAAABg1BMVEUXFpbk5ON4r1sthAD6+/rd3dv9/f3ZDxn////+/v6IuXD2+PZdKh6206jR48g0iATX6NHh4d+uzp7v7+9yrFTr8+hPlydCkRf08/Ogxo2XwYJDlRODtmp/smU6jQ2PvXijdVTI3r7IyeZWnDHY2dXS09HD2rfn8ONtqU2917CmypadxtzOzcrw9u/h7dw7OqbRxZjYwbXc6te2nYuqqthkZLcAYbxeoTolJZ3s4tSXcFfT0+msfGGyi3QcG5jq6ulZPCj/5oLGq56chG1mpEPn2q3NiG6iklKCgcazomHv5+TNnolOTa94eMKaprLj28zKsGvZz6e8u+Hhy8H333/p149BoQJOjCZ4T0OOjszl5fMyMaKjotWCYU62xMvJvbnKuozQe1o1ehSNgkKWsntlf6Cis7xrXTziyoDy2Hu6u6Bqos9ubbe6yLThv2yEeU97kEaQkJAtd1JLWyRVwgCKfYwKX4lIrQB3djtSTotmYojv6dKZr49NSoIPDoRdsCUDAwOV5uUQAAAGQUlEQVRo3u2a13fiyBKHQWppS5IlJCEkBApkRDTBXgwOYIPTODLOXmf7jj2evJNnNv3p28J7z33dF+Hdc/k9dj/Ud6ordUu+H/4J8o0oRhQjin8DxUgjjTTS0DS+Pv6o9qcmJ6aDtIgAgtMTk1OPgTC3ksjINECc0MoAkCdCiY25YTNsHEOId3ohgde1hi4LnGEycDxcjslXNg+INy02zmWVSFmQDUct0XqOmhyeIyY4lmgoRo6PIuBVlgEUsZM2YQpaHE6G5I6pBM3QuZ6C7GgcOKGEcjwnRMpAC4oWAUgMJUx/mlaUjB5XdEAcnbUCSSJABnQcoBk5EnVCAj390xCOI6HzvBbnDYaOaIRJBkj1/qZHRHIcE+nxWUdWUcL7QzkBrsQmMzQNOgaQb6r35k3PSZJkoAQ00MgJiHDiNcRGpozYmhoCBt2Yr+5luVo1A9Y1hiBNGpDBs2SNoTc8Dgpb7SWzmSzAuz/eGVoAh0Q9WH17eXmtBt533kGuocSJklL2NjQmcojHrgdA3dPbtwtvyUDgZkfKrS5dLq3ddk7xkdBlMeLkJ7yEWAcoGQMKejYWWzu//2Vt4UkXe+RgeenydAxTAO3wEU0ALztcAidGXnYhnsy2FjgqFQzuLM1qFg6Lg1q300Vuwja0BgNPPWzigtGzsdd3mmszM7GZ82Ctgc3Xq7N1nThodcYOZ6rIzZO8KHrojJWGTagIiq1YPYYpYimNJLWD+luLdEILY65ah2NtOo5sPb/i3YHwSLHKTy7r9dlWbKbVKiYteWtpQTFJUj8fUBy2Dtd2nJyhRBKepSkDoq7QWzsLsVgrhlUNcgA7l03gM6H62IPqTS5jadEs41E7mVsHWhfcAGzHZjFIbKZbr6fTxXqlUum2DjsY4d1hx++msWAArHvki5flHukw4GKEF2ZnZ6v1pSDdDvd3n88/v+sudGdm1touBMRLRll46RHFEWGYSbd74kxNF6vnwWJ16ck5VancP7/YugieV4tperDpCCxvHnlVOHWOldkBRZhKpVPtIuwsVaV+/+6iuFdp4xUqPNiVNcfKn3hWsxArZAd2glI6TWGK5loV+ruL0vZ8xU+l01JwsAt6VPesbj0FpJQfzASpVIryF8NL4Wa1f5fee/26IrlLDxQcbXOeUUwwSS1gD+y0KYqSpOJaE+itFI7O+e0LScJrAwpEIDYe8qqhHcU1U8SjxcAXUpii0thoOFE4252fn69QVPi/FJZo27xH0Tm3kTUMlHMLBhP0Y5tSGuMUCpubhT1MIeEV/8OJ5LWkVvZq0pmEbF6Ev07EH5akNGoXNp+dPSsU9nb7khSWqPbDdqYhglc3k3EAUXFvhcD4MQWVotKuJ86efSwUKls4TfGqW9S4Uo4HxrOmOk031GTSHWX8kr8tpfRfXFf4z84KhWfBlBTGq3gTJZFRAs+6mW9FtEyBqOH7j0Td5P1F8uDFi/+4evFCVYp+GecNjpqsFTJ5zrvOPo6IrCkiXBtfvdrfvz29vfr5xwf9fPW+897SimncZOmGo6jIw5EvgWg2i5BM3p5GP3/ej+5bDxifotH9Dx8+7Hc6sjv/Rs2ahxOfO/0KGqmKkasvck7POaoVvfr046ergKU6CqEGrg4E2qxFRNrT6RcXcSOqyzYgtLi7vN3/2P/98761/7vc/NhfXd3eE0IgKzV8Zfb0JuAbp03dEd3DX7zori537/bCYjaE9u7eXF+/uVjEGRIhiFKc9vjCvJLNhxo4NGDr62+/Xu+urm59//69ubx9vfzrb1+3yiIIpKrFV3we64SGrEqSPCxW+s3t1Tdf3nxZfr68utpcrCyWtTJHiBlhwmsI31wCRI3IG247ab7+9q2yvbxd+frtNe6ukHfKBG52Q3g58E0d80nE2qjm9MqbLyenEYemJ19uQoQNZZKOzMPxUB5zpiZw+YwTqp3LMUzY9QkK05BLcoJDWFr26ZAePueOcC7kLJbnaCFJsgxHaDxtsD22hDP4yDc0rU9DyMqIEVZlxTLHNvKsYQZYGcH0um+YmjwWIiXgNDZis6qT4RATt8XjSd+wtZLAEWEna3im0Wx3Mk9s+B5D7mt8BlNAKPVYr/H/K+qP/GVipJFG+j/T6F+UEcWIYkTxN/Unyf87P2oKsO4AAAAASUVORK5CYII=
Bénin,iVBORw0KGgoAAAANSUhEUgAAAHgAAABQAgMAAACv9VkaAAAACVBMVEUAh1HoES380RZ62RyFAAAAJ0lEQVRIx2NgQAKrMADDqPSo9Kj0qPSQlg7FAKPSo9Kj0qPSQ04aAAJbzU/Qn194AAAAAElFTkSuQmCC
Bermudes,iVBORw0KGgoAAAANSUhEUgAAAKAAAABQCAMAAACpg44GAAABa1BMVEXIEC65wtb//v7HDi3AyNq8DiqtDSf///8BIWkvjyI1TojT09JltNGcVmGzi5Hu7/JqOx05Uor29vbWTWT7+/urtc2qtc3xxMrCDyy+x9nSPVbURVyzoEjg4+oueiLutL4thiLaXXHXwFr21dvYVmv03OBzRii2DynwusOZmD9gjZ3zytE/cjHn6+ja3uUujCJhaEXp1dhisc6uniHBeYTCr0+6ITOagDnQ1eK6qTvtv8ZvpZ9krMPEowp2WELNuVegMUKSQFBPZyeYJjK2ixC4SVuXiRGyQEDHpqr10NWgCyOurGjIvoFvoWFRdnyGciyyZxl/fnDBbHr56OuNCh9oMR1kn7fNyKLxwclCmDZ+Z4g2ilR/unfA3byNbluv1Krh5NZ2ixyyMxu5WmmRq3/g2bTLkZvH0NpBWY+2YW+bgH2Sus6nGC2ejojVzM3Pr7NRixV5CBuXyJFTWCWgm5/AUWO7vL8yTIalgZUY3GxDAAAFwUlEQVRo3u3Z6VfaWBgH4Jg0RCrT0JgZYyWUUiENhYDsyL4ji+CC1n3Xcelit5k/f24WKCBJaI80OWf46QcIgfOcexPue1+g2XeYmKmn00PzJwZDUjDsr+HnPJ3C3s7yZ8y+hR4/KkR1YA8Pw6BxZGFZgagGBLy5Lm8MQPHDFYjKQMB7J/JWxA94dOC8ND0Lb2SISkCet8C/srjSefejA6efz2MrSkR5IOAt9/Pmn08/PnBaIC7KEuWAQ3nTYwH2EF88JA4HAt4bkfe6lzcuoEB8LRJfDhCHAWV54wOKxFdDiA+BPO8F//zVA944gXLEQSDgvZTljRcoEB2DxH6gCm/cwGFETy/Q0+E5hvPGAHwymCiOOeb4bEiGXiC2IbzU4eHRwXfPPzoQUw/8E+di/z/g7wljUA+qoY+6mVHPH4h2QPTZwIVAEhUSHjimIyDsuCxTxaBDt8CNIGq4R6lr3QIvqy+K6BlV9egUuLGEUhBCUWWc1Cdw6Q5CKTDFSBEfAfhbvqj7gMSzMIRu3m8iyPU6qUcgeVamIMrAHx4FOKxYENMtGR4COyXDqMVCHxB+do0aGAocLn4cYYoflltiuqVrX7kl4eFu0TVaudU/xUUELGybEMogo4ygCm+wYH0+JZ0hRxzhJnHwqy4FVe8zxM+N4DDe0JK/j/h6hJK/AxSWN/gSqRogprppQCv8U2JE4AAP7JEVNk3yRAUgHMwWKyS+XgyfogiY5lOm8pHA1zPXyyMA/37S4S328WS3nXJEBSC+6/qa/YYyrWSpUGgVSoHkKRM+213b/VcV2OWtDPIUNu69xMUVxY27NMW3q65MtZysbbGlElsoxOOxQri6u+bCVYCDvOVRWx9i3vQRlYBXCUuEZeMmU7yR8McbJpP/PBBpnicIRaAyT6V5JBEXfhCVgKTJn0gkzuN+k2vLbxICDvjnlb+oO7xZqdv6k+23XuLsW5n2m3ST3PoT57WQxX7uX13dMnWT4NSXOok39ysNzH6iApAOsHG73R5p2uOuVZe/42uwNVIF2O0w/2ILWIzYjFMAekLbgXTa3mym7QC4ZRKJbKBehxWBP3j//HITXYUoXYMEVg/Y7ZaIxV7jgVO3tyZ/POCRdicywDll3sg/Q4gR+9UywLngejkZ44Hpmuv9h+/fbzjiCVsoBoOELgrWpTCEoAGL3cJGLKHK2tdDs7MCR2MtCEK+kToAwkGIYhgwgiEwhGyqbTabnYdRPNSCDBD6QQ8jGEQoppxMp3lgpN02t81OJ45dFEDtijq0B9JLYQY9TYbswgg2zUKchyQeKlCo4RtOaA10FCm0lUxfbAOgJeIUfU5nFPfUk6cUGoQ1n+LLfLll4TByhmbX3qcE4GHqK0xwnOWPuzyu/TW4HAzfxGiCI/AbAv8AeKkZ/Aps3eljS/DsjNAe+NERJGIzdJSGSZqrgOmdwWAax0i6vr10WdHBCJLgr16jObBs0Ff4+8MrjMBxD+YhYjhYYmCtgQTOrxZ4jOPSFzDnwUiCHz86fYFdsMcHxJHHoy1w7eDggMQJIlS/Ykt2guZXXy56HChtH8ca+/ufG/tHxykNgZRv//PB0dHno8ZJoNmsc3zXCHg9tVwp8MloNO6A/52Ulj1qn83Y2NnfMea+tNFWbYrGSC4a5WYC4Ttnzm0UYs1qCcxaBUO7ync8nGzomKA927GTO1AooNUvItCgJRDJAYLXHDZsMozZ5rUGtsn0ic2Yy6PoPXXHv2jTdIYhKAMm0uvKZvPZvA08KrHx0onXaMxl25m8ix9eN6XxLyVlINyzbjlXffxYnhi9n/i7w+b6sru25zV63WGNfQiVcYOh27PtCRec1yhFPGDzaT1+AtFn7br6YtP2Bv4hRDI5q20Iz8dAkE6EUMbn7htGr9XtC0O6CsMbbdLYuVN5FNJbKATN+ADSnUvd6U8nzTX/+6xecZNMMskkk0wyySST6Cr/AZKLJUStEx8eAAAAAElFTkSuQmCC
Bhoutan,iVBORw0KGgoAAAANSUhEUgAAAHgAAABQCAMAAADlRUG7AAAAhFBMVEX/Zx/s7Ov6ZB3m5eTy8vH29vb+/v7/zQDv7+76+vrtqor4xQbp6ej8ygTyhFDvzUni4ODoybv2bSzv4tLum3TzeT7z7eDs0sXk29Hv4rDujWDuw7D0zTDnuaPt2Yzw1nDsz2X/bh7z6sjh17Xlz4b/qwv/iBTruC94eHimpqb4gxL5pgjxvYSSAAAGbUlEQVRo3sXZ2XJbOQ4GYIIEIIAHZ99XyZKSdM+8//vNhZKO3SNncY5sXp0qVfGrH9xL7vAhLfnsPsT99OTcx8R1HwF/enIfAd/ivj/8Ne57w//EfWf4e9x3hZ/HfU/4Rdx3gPPkXtzd4DRJ0rs/LMe7cXeDkzy/fs320h3vx90FTpLkdExOVytO/5f6mN+PuwecnK7X06nbruPWnfOXdHpe7sfdA07T07W+XM+aH08bSp4sySH95mJ6P+4fw+myJEkyjvV1rMfxso0koLqN+W1G6ynGGKv94eU8dtSNneZjYCRQIRQkoPJLckgPR1q5a6oHJN7yNPmybMgkzIgCBEooaH9TdxpPQ+DZt83U+mrvxFuyjNsxv0IARgZGARX7ywhJVblcY9/HGJunfeE0Xc5EFgZlhgAmhCSC8lehSoRco5aZ331y5ds41nVtgkaEEgBIcBBWJFARAlqz6jX2D+D0tCTLkl/MBIYiCAkGQyJUkhFITbvW/aC9Hb6N8kCCAVUE0QoSMSX90jZZUB2yh8C3dhUyFQ0Bt7FTQMKgQ8x81ZZAjffT02Pg9AImwkZgYSQlBCAs4txPa19CFZtm9g+Bjx0RMRZYhFOd5x2RAiGubT9btvq57nFtHrGBdB2gAAWUcNnqMf9vm/kqihWzL5s4z83U+qrZHV7yXAcQMgqAw2Wro3POOR/JIEbfzDFzzrl2dzhJz2ogCCgiNXx5ije56oc+y1ZWxcw55/cv9WnMt0HVhBixwJjFyTlX9SXMsSJF0+gfMqvz5LDQRRTFVCwAlZlzzvuqabOVmFD7db9Znb78TLALREKCQcykqbz31RQj1SzIK7V7wen1mB4Oh0OyfD0o0MgUhUFAAkIYyjIgiay1yNpY7/eCE+ryZEmT2zUjTXPqCQhBqEACkBAExIS4m6lQ3QtOx1DXYQiXbjynh8MhPyv3JAqkIGAgSGhoaKJEpNzvNMbH66Um0yB2uch2OhySz01DgxEbAgUyEVMTi74BIIay2mNW58fcahJQAzVQOF+up3aqKhnUhEiwzPxag1HZOueqpnz9GvA78Gkk7kBEREFIRESQynLqtR9AWAgwOl8OFP03zu9yLCbJtehIRCAIohGCSlDBcq7FBCgIRVdV9dz/yHtLqZNzDaBBBUxAAVCIBFCFBAgI0Sbn/Jxl1c7w8WKgBQcbhmEIHQZCY0QTQTENFKx1zlXVLwX+nVLThcDILlJrzSChLAOJECAJoZDA8Gvkb8PSEWi4dGO+fGriLERUlH1PBoqGIDa5R8DLWEBBoR6OafLZOef9NJOo9jaUCGgks98fTpOc2IACXrbn7922KXsDIQhkWLkHwNt2qi8CGob8X+9d731rACaNewB8SA8nCgIAl9a5bG2+V9U3WTQA+L562yxO1X5jnAcjEVm9m7R/3nHWI1gI/9w1fA1d43eD0/OgQch67zts2/b7+R5FQghS1FPbOufakrTdsdS5oQkAWdZq1ytQ/FbYvpojGUCBhcZsKpmLeY37wOmy6SBQEAYoBmaqQ1irb5PLTa5dMViQAECkzIoS90m8jIMAgAGFQMSFsPL8op+2mfsQAiqrxnltfnpS/FriIxYQsDcBKpSlZxUk/+91NWVTLdqtyqzNm+H0+QVgLcSkMBOwQYVLVrTuTtc+Kq/MzMztG+G8G4/HJT0cjuN4hQGwEBwMIMQsajBmvjeKvldamRlB4xvhND0et/P5OI6ooQhWSN36yoJNzrX9UPb3O56UZ2YSeTN826FPAclCEYpCJu+aKCHc3gr+tSGsKTKrgGZvTZwky4aMIQxFUdz6yaCw8JOzz6+w8isD8Stwmo/baTkXQxGEkLVxzlUdm8HwsyhN08zz9OYNJE3y7TwU1DMj1ZNzzsWmnIYilE8/7dT7t26ZaZJ3qgG1DH2s629HQutiMMl85t0ft/tr6Xw+XzvmOZvjVD9/DWQhoA635+jucHI856crMkafZU32vG5VNGYi4cE/AM7zpVPWm/gCyFCJFaFqoHpEqZeOVe7Ny1KwLAltcnF6ROI6TvdfA6uUylRqdFm7O5xfXz9YYsnMrNC4avcxTv7zgy6rkplAQuV2X06ffrg7+JmJAs9+b/i1/4i+3zOUVTlzO8Offr4ZZrXWu7juN+Leqt16ty/8C3F3bb8Vd3/4veN+hd8/7g3+gLjOuY+J65z7mLjO/Q83gdN5D80OeAAAAABJRU5ErkJggg==
Biélorussie,iVBORw0KGgoAAAANSUhEUgAAAKAAAABQCAMAAACpg44GAAAAYFBMVEXOFyDkfIH99PTyv8HQHSX76erSJy8AfDD///80YyztqKvpk5jWO0LUMjraTlT0y83qnqHmh4v43N3YQUneYmjib3Xvs7bgaW/209XcVVyezbCCOyWIYUiWqY2WqY6OgGYmM9J2AAACeklEQVRo3u1bubLbMBADzyCiSJHU6ecc//+XKexXRHpNOsRjNp5xheEuuNhdCN6RHo1cAy1QaRdoHUMD5INr4AqMPYjh833IGLH2ZGv2GWtoYgB5Q3ERGzli3yKOQQxgAibuAA0QWBDFAAJowTACQD2SlUOHEfthukfJMFOagPEd4tciCeqQMWLpm63RZ6yHWIhhOAClcw1MwC3IPdQ8lTrK5WB1W6QJZDvSzF0O4FSWwC0bunG1HGJSA2hyrOE2wi2jd2Geo1gtBlqJAzYP1DwnODV48jfop7JM9ZmD0yCYg6yu5m5CZ5ta6XIsRuUB3ALXwA3YrdWrJAuAjWtgBqAn+Z8htZ0GAEa9SlIejw17BgDv5CqJf+jWkB5/7II9CQBgjo9fwZ4Ec/mU/yVC8UxcIgDMjkUOnF8BPIFNnAFUNZIAi+UxAtXSAYsaSbY5VjKMQCXDHJPc8MgVkump/rciV0kcSQbAzDAk5cZvniTZkG1CDqRe0+RITjMMp4wmeIPInfYG2DUYeMeHZBDTWwlo3KwFSndqctAbTBlzaOxDimi7Xk8SgdJtdLfGloFVTg86RJLLMjoyYbFyAO0tMtkeDVNIcHwDfLUQy5NE/ZmRf6jlS528WPg/5JayYNWX/OpNk37bqd64X0cf9+9K54vh0f2b0vli/PYhBvAywFQDeBkBywE8D9HFAF7XEGIkuS5yfqiF+LwKk2PxeZmoBvCyjv0ploOXhfb9fYP/nIN/myo+9Fj8aUvpaaYeiy/GHr1KcrJGyVWSs7lMrpKc7XlqOXgxOKrl4MUiKhZiXEy293eIX4wkF6v8L7mH+vSxgVoOXj7X+C0F8A/Pj5lXquJMwwAAAABJRU5ErkJggg==
Birmanie,iVBORw0KGgoAAAANSUhEUgAAAHgAAABQCAMAAADlRUG7AAAAXVBMVEX////4/PXwZnLG6sa7wxGuVDdoxmc0sjPqKDn+ywDk9eT5trxFuET/9PWp36jtRlT94+X/8LHrM0P+zhH2nqVZwVj+4Gb+3ViF0YXyf4n6zNCyXEGAz3/Q1lvO1FSPrrBnAAABuklEQVRo3u3V23KDIBAG4EVb2hpBPMRokvb9H7MxMcFOpLoLSKfD3nkYPv3dRfgIVBDhCEc4whH+13BdB4LbNhBclmHgGqAOArcAbRC4BChDwJekbbKmw4cBPgSAywEut4evSQOrN4evSVtkDVZJW2RNhtkNZmT4hVafMNYXcQF4o1V6hyVxASrM7jDbFubwKL4pLDUsN4UzDWdbwpOkqVkvwns+U+kUTufu2NvDGRAq2zuIWuJd6eYbc4ZjGXfVXHmKcdPcYVdLpzFjxomv7LGMu57jdXGvixm5gXSLPcY6PzvX0kgvDy95y5QOuoq2V5tHmnG/PwlTj63vKvLfafZD4/+NaDiff+PcO9zNw5132PSNfcO5oa2Z7+Y6m8bp7Bk27tjYrOEVVSfzBnLCrQTvqEqmVtNMjxLcSkh4pyF1kRKlj3c+4Upop7qe0E8iKo/wI2nR30/1gpY1kJJWhT5XKFLWOHh8u+ZHqtXYY8IffEtaPGWaCHzWgE76WDxfKI7orAGbdDN/qcFmDbiklTHOYaQTT3AzDq9hxnemNKxh1f9+vVd+4KKwv4O8V7urCEc4whGO8N+HvwE9WhOzgR+A5QAAAABJRU5ErkJggg==
Bolivie,iVBORw0KGgoAAAANSUhEUgAAAHUAAABQCAMAAAAQu8oLAAABCFBMVEUAcC3c0DezGw7t4jpsqVjCHQ/p3Djw5TzTIBHdVkDi1zbEvTXSyja8ry/NHxDXvTPEvnPIMhOxShnW0GTDWRxFMSTHuki5NBPZy09ghmE0eYE0h5vPeyHUZCLr4l7BaRyhHxGnu1wBAQHm2kZ7ozDjmioMebft5oXIThnb1DDPhicNdnKop2pAhU1hnDFtUiqaujNIgG6ejSzksS+uny3r4EF3dmW0rxCtmEaWrgiwyaTVoSwqdpNio4WvciNLiCjFwZSBMCValXlTQy8eKRUVbip4pwTBmiwgfh9ZWk3R0Zfu5EiEsoglaDP+/vvswzQAaEoRdTTG1ADFzcqTUzrQlF+SkoaCeysYTbyjAAAClElEQVRo3u2WV27jMBBARSoktSRVrGrJXa5x7/G6xIbt9N7vf5OVF3uBBGDysXySQGoA4WGGwGgU7SdQpFVapVVapVVapVVapVVapfW7rb9+AoV8CbX/d+Hsa59/xarmy6VKst447VL+26z59tX71LpxruL91Sb/DVasJs9EdabxftqOp6U1UVVMyASLzdXyVeKUy91229vFFuuXyw5RfUtorpiAmUkmjtP9yL/HO9ZdO86EmDNAsEArsEA1MMmbMeu2p3Ec753rDTGDahIXZk1T7J/mYMrMaVZlve6s9x/Xmxc/BXOnPsZpQVa17dNcw4Cg+VZnq1pYC1l9Y5kQ2jnqW1hUhXE2aLj2CNCZnglXq9tBRp9RcGE3GkGTCjtXNRu4qMkJrYSD+f39/TwKK5zzJnKDrCrOWrALcKGCytMgrNfr+ZuwdlYBZAGTuDjrcQEayATk7HFQypfT5Ump9nhGgIkMWDgWZqW2hmBSYKUVXqfTfjpthS2FEg6RZgs8V4gQNBlXWpmTkxOW3JmWwpl5CIvrEg/IQIiBg/V3wvn5+cEKGEriD8KsGKVSMOl+yqr2/Pz79vLysrZVki4JUwhhcR2xCHNohAGfR53t/FZ56kRzBvAI5WBRYB92UcpIUV5nmcHq5Yh0BhGvc5rEkCvQuihCCJuU69uos7pjd8utDmgziRUXIv+vrqEhF7Dhbrns3HWWy96YARdpRkHsLGEbWiN70fNeo6gWRa9e7yLb0AxbFWrVwWmAip7X63dL01K3v/O8IgpOgS421yHQ9Z43HPcr1Wy12x8PvZ6ug6HguUnVGWFjilVarVYpwXicvOufLPDnJ1N+UB82o+T6t+efnkyPfgJFIpFIJBKJRCKR/Bf8AcA07XGMETejAAAAAElFTkSuQmCC
Bosnie-Herzégovine,iVBORw0KGgoAAAANSUhEUgAAAKAAAABQCAMAAACpg44GAAAAPFBMVEUAI5Xsvwrr7fdPZrZgYV0xQ3cGKJf+ywD///9AWrCOndD09fscO6DO1eu+x+Smstqvut5mesA3Uqx1iMVooA+OAAABx0lEQVRo3s3Vy3KDMAyFYRda11xyf/93bUPaThbUka1zJGnBAKtv8Ig/pf9mKN8zPL34ePuEzntSzVS2mbaHnAlCJXAuy+WylHl7GEfCN1QCh8Oa0np4nPHpRDhlHfA6b6ea5+v9uiwZL9QB8/PNWMqI3xTlEf/wpvucSzlvNxkphADTNJS/GSboN8QA03r89R1X7CmDgCndHr4b+o8NA7KaAgOymgIDspoCA7KaggLSmoIC0pqC22JSU8BAfFPQQHhT4EB0UwhAbFMIQGxTCEBsUwhAbFPwQHBT8EBwUxhbDG0KDYhqCg8IagoRiGkKFYhoChWIaAoViGgKFYhoChMIaQoTCGkKd4sBTTEA6ppiAVQ1xQSoaYoRsL8pRsD+phgB+5tiBOxvig1Q0RQboKIpVlvc3RRTYE9TbIEdTTEGtjfFHNjaFHNga1PMga1NMQe2NsUa2NwUa2BzU+y3uLEpTkB5U7yA4qa4AaVNcQTKmuIIlDXFEShriiNQ1hQ/oLApfkBhUzy3WNQUd+CrpvgDXzQlALDelBDAWlNCAGtNCQGsNSUEsNaUCMBqUyIAq02JscWVpgQC7jclEnC3KaGAe02RAb8AnB1zD/uh8tsAAAAASUVORK5CYII=
Botswana,iVBORw0KGgoAAAANSUhEUgAAAHgAAABQAgMAAACv9VkaAAAADFBMVEVtqdIAAAD///9UVFR7AWCpAAAALklEQVRIx2NgGAWjYBQMYrAKL6BQ+j9ewBCKF4xK00KaQJTQNDmMglEwCgYxAADRWSrkNFZwugAAAABJRU5ErkJggg==
Brésil,iVBORw0KGgoAAAANSUhEUgAAAHIAAABQCAMAAADyZ9FyAAAAYFBMVEUwJoEAlED/ywAOlzzGvQ/2yQLjxQYnnDWc1LWNcEbtvQ06MYZnqiZGoy5PR5OjtxeFsR7u9/OQjrpiWp9XRWiDfLA+MnduWFnC5dJxaqijocZzxJa0ji66usLHx9ve3ekCoVypAAAC90lEQVRo3u2Z65KjIBCFe71FwDARwSjG5P3fcnHHTBRBwSRatZOuVGr+TL462Ke7aeHP5gEf5Af5Qf4/yDDcGnlMkuOmyPArUPEVbofMkuBfJNlGyDAK7hFHhy2QWRwMIs7ejjxEgRbeQv2Q4SkOJhGfwvchj0lgDD+/gK8zzOHjF3haordQWJE2+ILOvCz5GV3wCqHg6wyMOAyCI+zrF/CTiBFM4gF18wv4OMMEVFH+QOPTS5CDtDETO6E+hQHcnYHPYI3zI48WCwO4O2OGqJjufplFHobmRzAbyLkwgGvPuMBCXFz7Czj2DFwuIUvs2F+sSK1nIFgMpPUXT+RRa4uY0KIWjDFR1wWxMPGYmRw8kOFJr9ptWqVNrr7SvGnyvJWCLsm0+gXcesYtVdEhq6pJ81xRq/TKKNDrsN669Rdwaov41komRK0OVzDZXhVViW4UtbCfrM0vYBsYR6EcMj5IUstbVXXKJTH75EdotoCcTlP3wnOdPDzKbpU67JwRQwma8QvMDIzLta6QeVM1zV2pGRlrhQGWJargNi/WhCmlTfqtlNv+fyQU5gfGPqylp1aPVXbHm3Z5VFp/YDh4eiNJO+HS7ngr5o90PdjCIJa2SueN+h5sJ9Qjfci47NVdZRIWidmcScJoDikGDMY0oapAtStMMlMKgFwHuqhyKRlDyTVv15QCW8Hrs/PxQLvCoOkEubLgmcs6r79/v70rLcZZJGog68u6sXmhPlsKiz8VUjzTvAx+6eeQQtjSR1JtErHPIhZkaB5EBs4QYmwZ8uwgYh+3pByS7qnUvmLcsg2VoxLAuk9NRfGaoVL3i2XGI33yvmZ0VsylC4IUvV9edUHQrkGWrtk9S47db9M+l714eLaUDv5CPjsDl1v0wy+XheuI0wrI7+Ieb3RxHzdSDVq+aT2hNdIIca4qQ8k5it63hNlj1bTLQm2PtaHhovv+5egeK+Dp4LnBolsTus06f4+XFru8mtnjBdQur9l+yfvLD/KD/C3Iv+BkQ8Ie3hBKAAAAAElFTkSuQmCC
Brunei,iVBORw0KGgoAAAANSUhEUgAAAKAAAABQCAMAAACpg44GAAAA7VBMVEUAAADhaXb+/PcaAQRRBg5/ChbZQiH34Bf////PESbRGidyCBTTKCbYTiA3BAm0ECDRIC368vLUNCEREAojIRJjBxH9+MfeXB+NCxny5ujWNUb55j777Gn774Hx1haiDB378Zj44yjZQ1Pleob+++D89a/dXGo9OApLS0v66VXmhRztoqvEESPgbx720tVXTwdnYl/fZh7geB00NDTqlJ7wuhntqxr0xcrKuBLjhpHZ2dneyhV2dnadl5RxYgqIiIi2tranp6fHx8eUhg3olBvYTl2jlA6vnxN7cA/qoBq8qhGIewxwHRGNLS3xtbxMqctNAAAFaElEQVRo3u2aa2OaSBSGIcCYA8NVLUh3ZSO7pMVLA/ES2yZpE93W3ST//+fsDKBiYw2OdOVD3i8C+uHxzHnPnGGGq1Vc3CvgK+CxAX97W3HA09OTN39UmJIAJiKU78+qDJjoz79+f19pwCXl20oDZgNelbTcDriiPKsy4Cotz6oMeHTzFALMKI+SlsUBj2Se/QAzyh1pOQqPD7gzLcdoXA3An9X0kQVquzKAiTbTcoRxu1YtwM2aPrKjsIKA65o+6tfaVQUkGkKHr1wO5mW4Ad+RB2VWS+76rjy+FiTqllnTOY6rX37++rEUwO7UnfJ+4K/T8s3BrQaXqf7u85fWwWY+NZ/4E5N8ltdqcHk13t1+MZnD1wEw/G5n4gIEg9L6dO6ZGhe3d/tTtoI0/1wj/QzMkloNbrsuL67vTorjmVMZfpDBTwj24X06t0MFzcNTHrmzyTdP7vnD+3TuBRHzfH3BPCYvd4IOBO4azx26eB4EwxL6dK6I6sQ8uygHLplBDCBBw2RsDeBd2Z8CTMrogLnCIhZfmcdsbVaXwWQOHReMLg3f0AW3A8agdbrh5ZbJtHzk9lNmHp7318Nn0ki1JkNwB+YQwDfNAIIJfThd/4+hz/NMfTrHoMuLecDzq/DwWWjog66B/dzQz1dXPPlPTH06xyTRUR4vMotPOvlqPezmnWEs0/DJ94MuU5/OBqiBpHjNdH7ciMyTbExzt/NsWIcdny/imS3mYQPkepLXBDG9fMzPjzLknREYSbXvwnDOGyd7T+3UPIyAEgmhDhK5EhLORjbzmABPeUCKa/LgkgD6bFM8I6Cgg+4BZdOgmbP4dHP2mNPekDiblCCXsQvhPn37fl5nIiRSiF+SOC6lkEKdmx87QDLST+YW1l4ufct/9ffNOQuhRAH1PKDuObnmUqaAdK52mbu43DbE1f2Hxh6EyhIQhFz9aTbF9cxzTaaVFHB6WgIgVfuff4tSiimgBuskpNQ9JW8leLy9o4DDsgATFUvLDFCA/Bg3AcT1nYpASzBhelImYEpJ0rJeAJDr5ZkcAGdNa4U4fUZ+wboy270VdnV/09gFSGGkPu4ts1Cghl3dWBipK8CCzeWegLvScgko9rGlC8spkEjL+FTbnj1sABZqLvcGTCm/ff9Qfw6YGCKKItVbz9EZjKDLWLWWdhd3NJelAG5JS8VRpKRGiyoglMRQ03TH8zRKo/VA7lsJlySRnzKvzPbejl3WdEEnfFIytHpoy2A90GeS3pMIq+BgS52hJK4C+ZmiCzta4I+lAi5r+oOkNLOqrMmLhR0bsiMKTs9TBNGzMF7MUOodUrubiqTtXPPssDj7hvZCxTqNIImQiLFtY0MGWfc8UnYgGqm22tNEiiUonqNoRVZmW1++HLjjTmr6IwDpDS07tiNEl+8ywqDayLI057k5CqzMfnj5cviRgMgA6D3oGOGZPUZIxaGKVAN0wQMLFJZerpE3z6GA45jwWEgO+3GfxM9ACMnx2NKbomXbKkhNjbHjpOY5ORxwRCuzFVq2isYhyl7Q9BxR80Dtq5Cr2yyqn19cHwg4ThjkCNkAOJqNx2E4i28edSMCyAAF7jAdxpfFzErGl3wiQMkDHOK+lX7nCUcEjPvjWUqkxjG5UCOwCaRlgJ28J+w9aFpTOSJgtrlEUGYYUBRaKFKhD5j4eERCardr7T379F8BWGtHqF9rU48g26Jl0OqPSCGPZwx9+i8BXMdyvIjjcDH6WU1nWT7+z2e3Pu2/fDzCLv9+aXmksxLF0/KYR0629OnVAiy0fKzGASiyfDyvNGAy4NvNU7HTeM/NU6ugNmp6rapa1vRapXV1/3qO+hXwFfAF/QdTtJzxgoOTHgAAAABJRU5ErkJggg==
Bulgarie,iVBORw0KGgoAAAANSUhEUgAAAIUAAABQBAMAAADFB6uTAAAAD1BMVEXWJhIAlm7///+PSjCq3M7HmesWAAAAPUlEQVRYw+3MMQ0AIAwAsEkABwQFJBjgwL8mROxZSCugMdNGOBwOh8NR9bhpJ3paczgcDoej7LHTVgDAxx7deHnqfdGivwAAAABJRU5ErkJggg==
Burkina Faso,iVBORw0KGgoAAAANSUhEUgAAAHgAAABQBAMAAAAgtay6AAAAJFBMVEXvKy0Ankn80RUmpkD3kh37wBfzViV6ti/2zxbVyRxfsTWjvydUqKEWAAAAwklEQVRYw+3SoQ6CUBSAYQMy6xmBqe1HFCIko/MJHMHM3HwATVo1uNmkmG1W39Cg2MDt3KDh/Pl+29k5t9OxLMuyrB/nlw7Ymzng3sIBr8YOeD5ywEXssGzQr9sD/bq7JKp1+wWf4lIxcp1i9HVtl6ojv2zbqaWx8ACQ3JpftGCZAhxFh3OASIm3ABMlrgBSHQ7gtINMhUPSLKjYqHCfh8iQiwrnZxGRe6TC+0xEJLiq8PtrDXSn+pphw4YNGzb87/gJADe1cwFRx14AAAAASUVORK5CYII=
Burundi,iVBORw0KGgoAAAANSUhEUgAAAIUAAABQCAMAAAAA90aSAAAAaVBMVEX///+Kznqv3qVlv1HY79LXUGbOKURDsCrIEC7v+e3IFjJOtTbkhZT99/f8/vvutL2rv4y2Jy7heov43+OmSznzzNLsrLeasXSMnVudck322t/A0arwvsbTQFj54ubO5cOdoWyTjlZYuULgN/FxAAADE0lEQVRo3s2a2ZaCMAxAqyxNKxNbBwREB/T/P3Ie3KEtBQmSR+TIPVygaRLGHvEXwZwR/TFzbOPZGOIjs8ZPImdhkMkPc8UsWqwyZtQSb5lH0Goxy1gbjv3SaYl+jQw8COfTYpKBYcAZ53wl5tFilCFWnHPGOeebNc6gxSQD1xt+p+AzaDG+GWFwvfyNglqLXcY7BakWh4wWBZ0Wp4wOBY2WHhkGCgItfTJMFBYt+7Fa4n2fDDOFRcvOqCWOdsn+uE92UTxWho3CrOXQ0XJKsud5mCWnjoyDhwwrhZeWKOuckEUjZDgoerWcMmNSkD3uh9x5ynBSuLUk1uQkGSrDTeHQIl3J0l4Ok9FHYdMSv9tA9X7TsniQjH4Ks5bWNaq0cv7eI8ODwqLl+e+VUiWUSlXoOs0lw4vCrOURudYAoLVynOOW4Ulh1nK/QgkAIEs7aZ8MXwqnlkYCgGzGy/CnsGrBOgUAgLQeLWMIhUUL5mWpQZdljmNlDKKwaBFCNLIRQoyWMZDCpiU8h5/IGEzBA+OzIYyv0IVTUayYf6zIKGp/CKzJKMIB9yIko8ABFIKMYgAEQyqKyxAKtiGi2CyC4vW5qIvuJ0wU9QxG+P3CiFhohfj6tCKi0sXzmKB+U0VeFBrSolCv2WdRpKCLIr+h0n0v7vVApQFAvq/ndQoSAB5Z15r8Cy7OAAA6byV/AADnu7WAjOJykx5ec5vz23NxBgCAMqRezR4re6M1gNSvWwCsUi0BtG5oV/ZnliOUytNW/n/dE6S5UoIwy9m0KtV5WrH2slKleauyPHHG10mzRG7anQjK7NeQchqXVyTcCbh2RR5r6zS7IucO0SvT+HyHGITs8/hwt+xTOfD5/aPKgVcVpVPbmraKYq8o7WerKDmrazvbW4O7SatrfZVGc2v4OGml0afqeiCuui6iAr2EavzEnYmtlxY2SgZtl2YJHatpZYzr3s3cyURjJ3MJXd3vdLjxrcP9tW4/vnT7vzn5gLfJhy9PgSALA76AiRjE9SKmg3CZk1JLmBpbxATdEqYJvzhZ+Q8lbOTwh1BifwAAAABJRU5ErkJggg==
Cambodge,iVBORw0KGgoAAAANSUhEUgAAAH0AAABQCAMAAAADbIr/AAAAV1BMVEXgACX///+ura329vbCwsLbACOppKUDLqHJycm+vb2xiI/Ro6rk5OS4t7fQ0NDX19efmpvSACLg4ODAlp2wZ3OcgITIBCS6MEfr6+urT16TkJDBm6GxHTX1GehbAAACjElEQVRo3u2Y646jMAyFp8F47YCTcAkU6Ps/5xroMO1KMzs/yFY7ypHacnCVT3acBPH265V6y/RMz/RMz/RMz/RMz/Sz6Fn/pZqpeR28nOJUvgw+zHMcXpb7iAZvr4IPPTp82czfjCGz/MPkm+4h1ckxMU2fRBP0WX/ty4/CAxcC/dF3pX2Ipqi15TAesM6JiLcHcAxsU87DjQ0f9CEKFCzHmitHjSakN5OQ9Pe5HcaKxBlnx/cbPZOk233KmyWC7lbumdrJuJrMZMf9xm0honSl11mHArjbYE2vDhwAx70aZadR0plPkn05xsW1vqVqgzURPPmLIy9xv1GtUdfFMQW+CXEBaImr2K9CgtBePQKFzceKqQVYYkix6BucF+/B+wrROQcS5jnU+oUC6tHIFl0CpqFzYFOL6K+2lzDIzBeeBUTUB0aR2uh/ktDLBe2MxsxR1zkDIwgbY1gA1YGJUaM4W+xSzHs5yJXgCnRdC+0dF75W2/qC3Sq6RyXNiT9og1FBAJo6OzFXqdXWWm4hXtOHLYqp6LSNT6IcAql5o3MtrFDge/RH0psZ0TiDGFAvMFAAtRBg7bZNarXvkrT8OGEIYf2YFY/BmM0qMGz2HsVpTPEQ13WdZc+2O/SJ7c+vfV+3rW6zXrfTQ2rh2W7Ruj8bPlndWUzQ8YM5pBbww+J71J58yjfVZVXLjtvLIbVQP1nebVWe23K9XRV1/GgPqYVne4/2p56yQ11s8lpbXxxSA3/Ydr+shzO3ePfcV193ncoN5yWvz4+7RMcXOqQWnu0Rrc5b9FPx0Fff6brLpZhOzP2uBQWXqvqOPXHDK9/VNE35oC9sfrHzN+U3pZme6Zme6Zme6Zme6T+C/hsgJLyqDK0dCQAAAABJRU5ErkJggg==
Cameroun,iVBORw0KGgoAAAANSUhEUgAAAHgAAABQBAMAAAAgtay6AAAAHlBMVEXOESb80RYAel7aQiHQGiTtjhrjZR37yBX0rhjTJSPSYfxDAAAAsklEQVRYw+3UIQ7CUBAE0E36KVROoBTNCUp+Qio/N2hvUILAUlNPqnCVHBdBAFPD/ISEZEas2id2xNp2IjYRTMSEhYWFhYX/GmdjBE7bCLyoI/BhFYGP6wjc5Dx2XRE47L3fAyfvPYGr18pAYNc8N/LA3Jx0AFCUVGHuDgA3sm3XAe+6v8UJAJQkngFATeI5+jMuJN5txuy6JHHTmqU5iQczCxWHXfhM/W1hYWFhYeEf4gcMGlAGXRnHDQAAAABJRU5ErkJggg==
Canada,iVBORw0KGgoAAAANSUhEUgAAAKAAAABQCAMAAACpg44GAAAAM1BMVEX/AAD/ior/mpr/pqb/8PD/WFj/LCz/////FRX/QED/Zmb/+Pj/ysr/ubn/eHj/5OT/19eqHIAQAAACQ0lEQVRo3u2a2ZaDIAyGf9awiPj+TzsXXWwtWmXGwDkjlzXJ+U7IBgXYueiPF/56XYAX4AX4TwCl7BswOhe7BpSA7BkwOmCnC9sACgAQ/QJqB+x1YRNAcRMVvQHqNwcCTi8+tAZUJhMR0fiQHYmIKBvVCeAEiEikZ2FNFAUw9RKDAGyiMAuPlOx3HT5ADwD2VdoCgO8GMJRVQjeAsqwiuwEcyipDN4CxorbzdhJb0rAdAYbDOcIMKA/nCBOg8htZcs8RrxoCepj1LLlNXWalXp8IqKbX8hLWssQ+o/NZbibFAmjg/Jg0EZnn6GI+FcxzwDFEpNPo3d3fp3vw7qEQ5vlUfCq8/BzC3cM8HoyFdE3FHJHlsDw9Sfzym6L8qZAfrl7sOgOg+tzOUgyKzcp4JqCutaG56qCvM+HZCrWsMyHZAPXvd/jkVudqLDi2XqzHOhMjT5IMpt6IGRgA5W+sSI4tHlytDTfwxGC2dSZs5sriWBWGJjJO1OK4AcE78qej4Ze4zyTToUC0E/+hSR8YGbxucqrb3VDGVsdOtU9VtTsX76nZbmh59fG9Znvd+G4mbKuF9pdHB2bAJoDTttrUHHA8XmF4AV/z2HkA8G7PHnMBPnqyDyJpogyXiXQS4dFnUmNAA2tEmgc9Px9+cxLGvl13tABcJoG1XwRav/qwtvNnKc51DnhA8AIsvg5Y3MB0B5iB3DXgtP0OoD3g8OVP2OaAab239QGoVk4g1+u3vYBi79uyZlvsfd9bfD2yvQAvQHbAHw/4g1TplMIZAAAAAElFTkSuQmCC
Chili,iVBORw0KGgoAAAANSUhEUgAAAHgAAABQBAMAAAAgtay6AAAAG1BMVEX///8AMqDaKRwjTq2JoNPb4vLG0er5+v5ffcPOC4AxAAAAnUlEQVRYw+3UMQ6DMAwFUFctdEYBxMwJiFSYQQysRb1AERdgYGDtzRsrKwP6Xv8fImd4shNFkewkcjXExNex8wacDwZczAbc3A24fxjwN8WxE/EY7ra4ea5I5yludmhs99Y68diZc60H9MJC6wS9bae1B3Gl9Q/EpXxaWUDchMfZ30A8hZGrA8SjLi/+nsTEMbUhxMTExMTExMTEcP6BrHfuD2AEGgAAAABJRU5ErkJggg==
Chine,iVBORw0KGgoAAAANSUhEUgAAAHgAAABQBAMAAAAgtay6AAAAMFBMVEXuHCX//wD7xgn6tQvuIyPwNSD+6QPxRx3/+AD0ahfvKSL91gbzWxr4nw/3ixL2fBTJbGReAAABOElEQVQYGe3BMS8DYRjA8X/quJRq8/RCKkXiREfprY3hfIAmFRtTkRgsXdibMDuJb8Bgkehgb3wDwUA6sNkYjS7ttTq+90yG9/fDGnBRKzS+UMsVF9BbKV+SkttiwG2Xe6SUf2dg+2mOtGbuSEwfkNbWHEMRaX0sM6ZBKp0iY3qTEeYmRRr8+QxamCuIfDPiBh6Gbn3fr4js+b7/Rt9Ds9TFjBNIwgsZ2Fx/wVC2LX2liMRUA2O70nfPUBZzzqPElkJU8hJ7RycjsSo6NxI7RedC5puywEguxFwgtSvxGJn9xpjTPoefUkjCuTk8xlS23AK3E5E4EalhauKZWL1Kwgk8jOXo6zJUOULNqdVbaDkQouOiluMVtcL+InorxQit6eb8BlqZ1TPUrllDz9nBsizLsizL+s9+AenGMj0I5TleAAAAAElFTkSuQmCC
Chypre,iVBORw0KGgoAAAANSUhEUgAAAHgAAABQCAMAAADlRUG7AAAAQlBMVEX////WeQBQXjD59u/U18yJk3SttJ7l5+CepYz02bd3gl9pdU7kpVT459LgmDvpt3buxpLahhq+w7LcjSbZghHYfgsJR+9zAAACUklEQVQYGe3B2XLaShQF0H2GPj0PEvD/vxpMVa6vUxTIoSU/hLXw9vb29pQMwU+IJ8LxpBHRwOHiQkQnHC12ImpRcKzY6KrjYLXQh0vEkSQW+nAZOFRc6GapOJIUujkPHKn2M90UTBcF99VR6LeB+cop4o56ok8FO2hE1FqPFZ9q7Bf61LCHTr+11sfopS30VavYQ6WvLvTFuQ/so9JDEXsZ9EjDbgo9MjBbjYIPcqZHBqaK7UREJQJS6KGCqc60WcUEIrjptN0ieJ00wVWl72iYgM5RUM/0LQWvK/Q3Ol5W6a9EvKzQZqdSiGjpsVwaXiYX2qbgqrZSMclC2wgmK7TJgtkGbXLCbNIvtEHDfCd66twi5mv0TBPsIdJDS4nYSacHOnY0FrqvRMG+ZJzo/5ZeAQiO0AvR0sdYiKgJjlQrrmQhivgJnSjiJwyigp8QIyqOoB7f5hUTZIUINhOBZsxgvPqEzZKsvGKKzMqKjZSVM+bwOaSAjUJy2WOK4MxryIYNLAdVcwEz+MTOWXABTwUXzDlOgjk0eE4rr3hi5TWzD4ppfF7ZheQFD4jPIfGaPeaRbJa8OacquEtUnTOfzLJgImNOPjkzZo87lNnMOZ+YV0wlFtRndoFZFX9QZQ6Ok9dggumU1XFSZ2kNK/6zBkvBaWanrNiFupSCupQscFbcaGazlJyGlJxiH94xJ/OZOQdmjytlDpk5+5CYnceecljN2RoMVxZWc6YhY39eLDOzeUspeOOrVTwOIaoemq8UXlVwKOdEnMPxvADi8fb29u/6BS4oFfLIb1GcAAAAAElFTkSuQmCC
Vatican,iVBORw0KGgoAAAANSUhEUgAAAFAAAABQCAMAAAC5zwKfAAABAlBMVEX/8gD////+/v7Qvob5+fn8/PzJtnf19fTaypS9oEDx8fC+vLra19aoqKjKsF7OwpmhfXve3t7o6Ojh1KrXv2+wsbNrIR7u7ern5N+ukjfsvy3m2rLbsSjNzs6zpniniS1pMTPRrz27khyhaWydVlnv5sihoKKmmW7e18OQdyPUzrqymELw69q4pF+CKSeBgILq37vWyqTEqEuagjmUkJDEnR/cycq5rod9foC9tZW1k5KRUlJzODl4eHibmJp5SkCshYfBr3HHxsJVVljj3cnm1JulkE2ail2oOj/Jqapwb3FkZWeIekuFXEO5dXizISeYYGKNiYyjdHaLiHjsy15zYjdH764QAAADEklEQVRYw+3Xx66bQBQG4AtT6GA6xmDcC+6993Z7z/u/SnAUZR2NWSQSs0CCxad/OGeG4e7uLwf1l+MuARMwARMwAf89EKGYwWMtXhAaMow3oTKhYwR5qAmChvjYwAw34dKzPhsLeJ2pU+CCgCvUft/eBNqhRlE6l04P+lyUUAvtm0C6DAxRbcqsInNKT+46KgBdSApGrTyrhwbGtUY6Xf8RXY5YwXo9iyhEAkLZsYP6oHXsZri83Oew3D/qGh7UA1sVGAIQzarZfcCy/MlpAZlLY9DSWIbVg1m2OkEkU4bVluBQrB0pHJcOOG4HWZ6lm9/9KkNWlDInyzWAAez1DdwyZIAUDGo7uSoSVtlZZVt5jAGNsj7ASgtSLMbZ3e7cpYlATZIenxrAZikIHABUwFC6w1YHdc9TSUAkrKeHpxVbnjEZrJSbisEyRkYPnn+cPQxJ2qZjfgxXX7o+ySo9gGig9C55NtO4ZBvumaRtKPHpYEpDHQwks3eESFdc75LVubx7ea6RFUWcVlYHRVf20teaZxoNV98ryvPAI64yxT8eVCbEM2k17LyM6ng2CZvac5Un3xyYKAuClL/OWdYG6L8+VQ5z+wbLvLRzudwaxrVjQ2NUsKzhUGJuBX8BSMwPvMLSGlYO6xD+eUwCNr1eZncSzJ3rLj5zC8mc5A3R9H1JJQSR7I4Ko7xkgvl2u5mnBM+V1tOOKUFCkHFPzZb9fRbEkrNdMqXx6UuwK6po8oRgt1DTjRAUhNIDlVrSwkKYSr7gqx3Sxj4VZCP0uNEmhajtEsLtstOp+IL5uCcEy16zma9sRpEXJeQpOtXZzCWVrxAmpGHeNV7awdmhrmDULNrTx3JjChXCd0hn+o2CVU+PulcwFynacDW1Hj8qPk045bKdal/CTPkKtqOctr+f5l5UTSVfevS89P5eLBbnCyv1+VlclEpbdONaRhCK44fUwirOH8Y8hHEdOFNtO94TbNGKF0Tv7XG8YOm+hOIExbf7a9/EB76+vVnjOMHi/X0xzoT0w+vrOPm9TcAETMAE/H/Bnyo3Y8hn7B0yAAAAAElFTkSuQmCC
Colombie,iVBORw0KGgoAAAANSUhEUgAAAHgAAABQAgMAAACv9VkaAAAACVBMVEUAMIfIEC7/zQBWZSB5AAAAJklEQVRIx2NYhRcwjEqPSo9Kj0oPOelRMAroBULxglHpUWmqSQMAdHDkRr/fZWoAAAAASUVORK5CYII=
Comores,iVBORw0KGgoAAAANSUhEUgAAAIUAAABQCAMAAAAA90aSAAAAZlBMVEUAljkJmT1OtnUXnkH/0QCCy57p9u4APaXvM0D////D5tCz4MSY1a/X7+D4/Povql0/sGoHjEBkv4YhpFJRqCYAeVvbOz+4ST4AZ3IAR5grgzpacDviygaGtRr60AGKXTy6wQ4AVIdjUfBVAAACiElEQVRo3s2Y2bKcIBBAGw3iAC6jWcx6k///yRgHBRTUqkD37ap5GB7kwGkaW/j44wN9AMDPX++BAsrf74ECgFrLiwIYrRZYg1QL2CDU4lAQagEvqLTALmi07ClotMAxCLRAKNC1BCnQtUAkcLVANDC1xCkwtcBZoGmB80DSckGBpAUuo5OP7BGYtuCqaatG8XEdqJAp2KDaZbziPbOjusWkWFctC1wt7lSjmaoyDB7KUOFQ9GbbVWkGZO/JyqjFsWEm0WuO8ofkvETRYiHMAN+W/s9N56dHLi3bOlcddsp55f2hiOmsFI1JTGugbHXDkYqYeTY3f51jUfTAeKiYZtBizqj5J+FOpNfib4WfBx3a3fJ6qtnjxp9LjfH9SKvlVa92p9RsfMvP3oB0agodEPK6UlSJcuV7x9Rf7Dw6nKdpMi1uWvgnhFXNqZKUWpaHPQ51c7lIoNNIb2LLioIUzPyuikcKLXGKefxWDfv+uf7vWB7UhiunvoHx7UtdJ6JogkULquGK4flW18koTIa1bhoUUj4qeb4dKWRYiuA10s9Zp1l2GZaiC1Vwdl61UsmwFGtiSL8SjIPKL8OhWJW4d/lofpllOBRjpGIgyHAoQm98u64olwyXgh3ffvddUSYZLsV2TJS9zA5dURYZHgUMd7qiDDJ8in2HGOiKssjYUWzdsg53RZlk7ClgVOZWW7ag97uiXDIOFLMVc1RUgXEyYhQzhw58UcopI0gR+rqWVUaMAlfGLYrnJBDiAuLTV0FO8fwjBDnFJAQ5BZKMUwo0GWcUkxDkFJgyYhS4MiIUkxDkFOgyAhQEMo4UkxDkFDQyfAoqGR7FJAQ5BaGMjYJUxkoxCfIgl7HEX7HX7WiZhs4gAAAAAElFTkSuQmCC
Congo,iVBORw0KGgoAAAANSUhEUgAAAHgAAABQBAMAAAAgtay6AAAAD1BMVEUAlUPcJB/73kp+uUbrgTREKYnDAAAAoUlEQVRYw6XNQQnAMBAAwYMqGAuhCuqg/k1VQPMI7P6XmTnrWv/uw3eezfwWWIEVWIEVWIEVWIEVWIEVWIEVWIEVWIEVWIEVWIEVWIEVWIEVWIEVWIEVWIEVWIEVWIEVWIEVWIEVWIEVWIEVWIEVWIEVWIEVWIEVWIEVWIEVWIEVWIEVWIEVWIEVWIEVWIEVWIEVWIEVWIEVWIEVWIEVWIF9r2lJmFlIZ0oAAAAASUVORK5CYII=
Congo (Rép. dém.),iVBORw0KGgoAAAANSUhEUgAAAGsAAABQCAMAAAAp3HtQAAAAaVBMVEXOECE8lMYpjdjhzisIgvcXh+rs0iEAf//31hj11BnUyjjTKx/RHh/xuBnrnBrFxEZSnLJkoqKkuWWTs3RzqJKFroLcVR3ZRh7XOR7oihvjcxz0wRj1yRjfZB32zxjPFiC4v1PlfxzurBmvtizBAAACmklEQVRo3r3Y63qCMAyA4YDlpE4rynQe2e7/IgctaqENVEjgr+iHryU+FBL2QxRxWh1fR2BPyWVdup8fwN0Ky7qUblYAzC1RZA0fcLfk4sWHtQ4MfEhLxBE9H9KS6Y6eD2nlaU7Ph7TiNBbkfO5WUJ0mCfhuAIOtojpxT87nbtUjZUHO52yF6rKCKXzXG4BX66BaxSi+rXrvzxo8W/r85eelqJfv3SpS/NgLCj6A1ab5XkGMlGJJw/c439OnYbR1ppah1+rba74T+qWOl+p1eJ/vSOVefrthPvVpxtqQXcdsR8ZXEwXmOgyXrdTCxy/SfH843/dF/e4HkbTWvCiNVBkR8uX1h4E1d5+AkpJPnQ7W3H3dV5R8jpb5gy0o+exW2FobwUS+zOCzW3ruxvqK++ZvpG9GDz7zXWDN3W3UDJElIZ/Vit6jVi0SZNEH6koynG/9a/FZrZ0xauthfJjGZ803s1Uao1ZUjiUdX7clstaoFbmNOJqv25LdUbuTZHyOe7n/5lX/A9dvnO8P5fusNY3vk9a4m3dMS2i+C853GuDzbgVqJGe/E/g8W1FOwOfXOpDw+bSG+X4U39bnAQB8+FY431X/C3kt5p6W8OXbez7Lwzx8va2Gb4Pz3RTf4oM9Axjge9Dw4S16PqzFweduka8+vNXwnR84nyptwySZ1mLjs1q+qy/bj9uIgy7fnYWv3eLlM1u+q28sn9Fi53u1ZuBrWk8+fG/n9KX5pu1gVi05C59uzcP3avVsjR2J+JrWLHy6NcwnE6IDhvgKkXC31vrxsAyThLt1u9Py4S16Pqy1YuBzt5qtMWI+Z4uJz9Fac/FZLUa+bouTr91asfKZrefGrEwS7hY736ul+TJOvqY1C59uab6YmU8d/xpE2BrLTmspAAAAAElFTkSuQmCC
Corée du Nord,iVBORw0KGgoAAAANSUhEUgAAAKAAAABQBAMAAABsc2MHAAAAKlBMVEXsHSUDTaL////1jZHA0uj7ycvuLzf+9PXvRUv93uD5uLvyYmf0eX74o6aFsLKQAAABkUlEQVRYw+2YP0uCURSHfxDZi9bQV3jERCuIwqm1DxDCFYIGERqKBnGshgjawz2QwLZAXFzFRdrEve/S8KpptJ0z2f1N510ezn3P33u16yxFYARG4HoAz5wlnKUTZynqP+v2q/tx6sirQB7uel68T6AGlB99eM8AwypwWPfgJW2A+gig4wEcABTUACg5uJi0APLaxMnFawD2tEEKNmsKwIuStMOZAz3jHEltAM6twOzCsWMA9q3AJwBKK5at6kIIIVxKyoYQQriw/sTfgPHQxsvwsPJ9Y83EHLyvlmHTDCwtHfoYK3B7pTqugD07kNrc3ZYdmAMo9paqsOlRec0fOC/GPGwBTJZsawOrAiwf2ZjYGgHFmd0HqDs0h7KkRNKWR3PIpi0rUz1a2PYwN6UBhbpyDkGWptDRDnAvtRbxsQ2pXjqaJ3rj0GOMFjVOm/XjyD5SJPXLN7Od/qHhMeiVvLbnt4Suyyqiq8W148BxnQMoOK1zUgXwXDj9V+KotZL7Bdz9icD9ESO+LEVgBEbgX/oG6v1NEamN0V4AAAAASUVORK5CYII=
Corée du Sud,iVBORw0KGgoAAAANSUhEUgAAAHgAAABQCAMAAADlRUG7AAAAdVBMVEX///8AR6DNLjoAAAAXFxcMDAzn5+fz8/Tv7+9gYGC0tLTg4OGYmJhLS0u9vb2qrbBCQkJsamygoKCRjI/QxMU8PDxWVlZoOmxnkcemM04za7IuQYnRTlnW0dbedn6lvt4NTaLrqq/ejJXPN0P69/gfHx/ZX2jW/vouAAADbklEQVRo3u2Z24JrMBSGVZSgrXaoQyk9zbz/I+7Iog0JkpTdm/4XuRn6Tz6xrINhfPXVV/9F+EM325arfTd2LVvbeIuQpemMLYS2ur4/CKGDEWlY48g4kJt/NEGvyYYde20FqncGlmU7vwitbV3QaEfXs9qNZ1Rjjsi61wXtNrgDT2G7QYO5XjeaoHGLG8WS1PwtAexYNeZHDdtXNt5T0Psn7kjuth3FvGthW5Gq7+YJusUtKcDsAuyDoxpGeqDJKnsnYIZVI4zUiL0Obml59DTDqhxGADS7Ksilp/m1KoQRn4L2GdzcJdGtLO73orxFwmi5xnT1W+SSOlLQRwZ3z7W8m0/dy4iDbXmA/EjPt3QYCcnF8TDoa2H2VFwf3R+wDS/oIFcGDWsnHnK2dNvX7ksRE8AAG1a5GEDMgg5udrvmgEo+jADsgBhLvhT+MW5wh33QN3NQf7gXRjZGTNbQiI/yp2sIdGmOqGAeNP0oNpiVYhfeikBfzVGVPdgU81Y1j9i4DW7mXJkTuvJhROO72MRrBl8xZXx3+mFEL/cJ1h3QN3NSt04YWXuGpuyQfezZtLGJu2FkFoUSvp0tz6WDjHExv6+dyxib9uzG1aBxliRZJnqj5tFpJbZNVlR5IgjZMxlnw7ZU9O9/Cxjn477gPP/parc07AsXLGGcT/iuyDG4L4C678z7ki0Xixiv8mzUl/xn8x+uFH46aayTfCXSAq9T8NxVngy41qznDyD+SkaZbyzzkKe0wEeifcjjmumz2EkEZFgn9iyJQC/1kdhyOEvqY6NusocvU76XRzfZQzrJniC9raaMz730NlRPb8UJ/QTsikvoPdWEfqiEGX2lUuPdEqYt2lyuaHuc5Hybog2qCemiDcpU6ARwZeoQ7UslLlP3CmUqg9nhC/NKeLZPZ74wh/6HQmFO2w/QijgIWhE45axPlSFoRbxabdJHGwBD31bQfMEp+6gvadUPPLT5cmZwq7WboFMtbjc5VZqeLpdTyrm+6sTAenX41BpsEa7DyEalk/mqjONN3ad3Vfv00FKEMKLVUiRnOcYakwl7urc3MgV5nWX1WQzbXlNqG7vMWdZoG7/ZKAfcWo1yg+1VK4wG7C2yALTuaOCdYYj7zjDk7fEPQNfKQD418PrYiO9zQ83PjXE/Nrj+6quvVPQPkIQ3cvhsctUAAAAASUVORK5CYII=
Costa Rica,iVBORw0KGgoAAAANSUhEUgAAAIUAAABQCAMAAAAA90aSAAAAeFBMVEXaKRz9+/vs59/Cp3H2ycaay+T18e////8AFIm/xOGjeTLz2tAiVo4nVjzWwpt2madXi1X0u7doakeYwdCcayvoenIRRquBrMTdOCzumpScoJOjtLULhjOtj0yQYCjwqaTgTULFlj07elReb4jkY1re1j22vmvR3eSGZXhdAAABjklEQVRo3u3Z7W6DIBQGYIUCKyCo4PfUarv1/u9wB7c7aLJjk/PGtvFXnwjySsw+zpCMFKQgBSlIQYpXFNczJFNnCClIQQpSkOJtFZczJHuf9M1aVUPToyLWv9HLGzzDzcD/S/aUuVIV1uXoASG9n7zvEgNvOGToOkB0Ahg4g3LL1VUExjl3LISnkihjksbD8LrUc1lzKZUaEBANzExXluM4QcrZwent/xWVUoyPvhOQMI4c52IYlfN5Ek9xZOQcRSGVdHwKoRMhgMK5HONmzRUz8/eX34XYgx+dkcogKMyso72XxR0+ZRH1JhEK0LgYa7sXRbGno47arAj3iIvL/plSpq960Qxhdg5SL7W11ofJw0+9bPkDYwG/xKVtW2iRe9vaJTKUJXxVDiZG2xaFPRA4dQZtxmadHLbWsHQynGYfoDr4piEbtAhSs2e9TAy9zTohTIaU/gIMxhh0PNqj1lHv8vfp1zwy1Bw7AWTDP+QcO0Tas5OCFKQgBSleUZzj7R29TyUFKUhBClK8veIHM0PnxzV8tCYAAAAASUVORK5CYII=
Côte d'Ivoire,iVBORw0KGgoAAAANSUhEUgAAAHgAAABQAgMAAACv9VkaAAAACVBMVEUAnmD3fwD///9BdHtLAAAAJElEQVRIx+3JIQEAAAgDMEpSkpS4EwGz2VXHRB2ttdZaa/3bCynBHQ7grboRAAAAAElFTkSuQmCC
Croatie,iVBORw0KGgoAAAANSUhEUgAAAKAAAABQCAMAAACpg44GAAAAw1BMVEX/AAD/Pz//ERH/z89kZLkCk93/l5cXF5b/////VFT/7+//Ly//4uL/qan/CwvbeYj/kZH/fX3+UVL/MzP/iYn7bnAtLqANir8qo+Aig5v/v79vueP/HBxjFWtRq+A0Gm2FIWRAdmGOrc6hEj0oF4ZWUqyVerLWZHu9SGxIdcLgxhGQhhnPDBvSkKJENkw8jNH7X2CDdRH/sLBnCQ7/SkpiYiqRx+a8qBHwAgi2prz42dubOWZjf0S42u6olrHhoqqpVxLgXW87AAACpUlEQVRo3u3Ya4+iMBQGYBwtFQGrs8tdQEFQEe93ncv+/1+1bdlNxp0dswlsyofzftAWkuZJTzkkSBIEAoFAIJB/SLdb/C8W9/PaZJEqjHVB6MJoSrqoi2zAfwnGZqoOIkQTDdTUxCb5cFtgnr1oLUkTE+OxPwyQY1kOCuiMgieStI68Z8FHz6NbFrwN45zNVofNaLQ5rDCP+RZQrif2MC4Q3TSEznxynp2yl5fsNFv+2O2oECFrfrCEHkbVRqPNCKE4Hvohxitn7lhzZ7Y8jcMQzyh+/oJsVSCQIDSiBjTjNR3PkOXQDW2Ns9N8Ewa0+nR3ERH5CDMEzWrsx/lZuiFrs7FQgk9ZNsfv11d2O3gSWeML99momN2Qk2UOSsLD8rA0z7u8fz3aF0nwIaQ5ojyPYz9MaMXpiTRxGC5x2sh3y138rortMxE6Hl/tX4fQLArO2yBeBUd5n5+JWJ+ksALTQ2gmrZQYhrLfK4ZB0lZissveqyy4UUsS69R2RD4V8huJGPEo/F1MbI988bLoEs82yteobIzGg/Sfyy4vtUtG3n5n6fBJjw17fKjxy1u57PrlgcVT0OQT3pOf+LBZ1AeAAASgrNQdWPwVbxLebDrFm+TuNgABCMAaA/U+i9xj6Rs0fT6U+WUdGjUAAVh/4JpLXI1FHdCofOjyy2vxwO3jPrgVDrxqj4DaVTiwrT8C6m3xQPkRUK4BsKl9DdSaNQC2e18De+VXl1qlk7hKo6Hz7Nnnjn0xbjTWblJ+dQmXz3D7u1F37xq1O6xg8SqAeKr/BdjVp7guQDx1tT+BmluJryIgvn0G3nCdgNgnnY/ADvFxvYCUOHHb/GOm0XYnfmXLVgdkj/N0QshkOhxXuGalwP8RAAIQgAAEIAABCEAAAhCAZfITH0IiNpEhE5oAAAAASUVORK5CYII=
Cuba,iVBORw0KGgoAAAANSUhEUgAAAKAAAABQCAMAAACpg44GAAAAPFBMVEXLFRX54uIkJXjSNjbmjo63FiDzyckAKo/////99PTOJCRIImPYTk4PJ4ZoHlCHGz3tra3hdnbdY2OeGTD9jRK4AAABrUlEQVRo3tWbzW7DIBCEh0BccHHikPd/16px6ziSweRQ+Do330ba2R92x7qePtCQdJngBHX+hBOU7ic4QQkrRa2ASvFJECpFbUGUol5xneAEdb7ACeKkqB2gpKhdgErOPkFQnCU4ReXB6H4qwQXfHUWCGmc4QckOcIJSMnCCGrtKUTWwM5ygFAc4Qelm4AR7SVFvoEvJ0VuIhkLQppwUA4Ogm/NSRBAcAkWKGQ7eJ0j3yyjN+xkyiGUi7H0o53OzgXs/Eb6px4OS0+jtl4vwUYybrSFyET6M8fI8bUowVz5M7CnF19zc4zePXaV41GtD6izFg2fcYCuU+KcbsfI04KpmnLYEZZ9hjlX8mob4t0rXE2ybJGuVro1w4zLzwCZNzGGhntp3kiXCbsmVCGx16ad3PHLFAYeFee0drhTjbuPWGMJt7SvBW9zAmsyG0zg43Mgfi5+YR1NxA0LeLHAe7vjVx39cHtHXb/AFJnwFDF+i088Q8EMO/BRGPybCz7Hwg/adbQmgmyrgthS4sQdujaKby+D2PLjBkW4RhZts4TZluNGbbpWH/2xA/13jCysWLGmnsYshAAAAAElFTkSuQmCC
Curaçao,iVBORw0KGgoAAAANSUhEUgAAAHgAAABQBAMAAAAgtay6AAAAIVBMVEUAK3/56BT///9CYaDp7fSUpsq9yN4uUZYVPIl3jrvW3eq8LOmtAAAAu0lEQVRYw+2VsQrCQBBEBy7ipfQXRm1SScgHSARtJZ8Q8GxFEMQqtVWwsk6T37TwA4TZKrivf7A3O8sBzrTILXJlkZuNQR6OqhlS4j6d1ReTLC6iHFtSnhtXrvS8XqQe9/Bu5bHjiHyryvMOuANAbynazuCGtUGeGRaGzLAwlHLPHvwiJR4bkuQoZl2TlPN+0lDxzCKXNJx1U9wo30fdo1qqzT4A8aTKHYDgv6fj/CkLAy67/Ft2HMeZMB+9QEBNYOUSOwAAAABJRU5ErkJggg==
Danemark,iVBORw0KGgoAAAANSUhEUgAAAGoAAABQBAMAAAAD7v1vAAAAD1BMVEX////IEC7xxMv32d7rprHi/zvEAAAAQ0lEQVRYw+3TMQ0AIAwF0UtQUAsoQAL+VTFTQgdW7sYmb/slchOgRRkqlUqlUv2jem4AnOctzG69LcqvVKlUKpWqbAHRx/LlVM6U+QAAAABJRU5ErkJggg==
Djibouti,iVBORw0KGgoAAAANSUhEUgAAAHgAAABQCAMAAADlRUG7AAAAbFBMVEX///8isznY7uz3+fn6/fz2xcY+vFISrStqsufXFBrH4vbp9Pzo9+qy1/N8vOpxtumLw+z41NXbKzB20IWfzvHE6sqQ2ZtfyHCk4K7pfH/si4798fHlY2fzuLrdOD3umJuy5LrZIijnc3bhTFCJIRFrAAAB80lEQVRo3sXW15KDMAwFUFHvOiEFSC+b9v//uKQsDwk2JZJ1n5jJjM/AHUuhcPqjEqJ4NNOBiaKFEkw0nivBRKOpEkw0mSnBNF4owUThXAn2WfUbTJGvqukjnqqmhnipugn2MkWpOdFECZafomSP7MJ0wBRLXi1yRnBhUkvEqqbWCE3RdlioauoSiSlK3cI/RTvC1RSd6sDsC5N6hLVq6hXGKdoPZlyY1DdcC7M3TDHPFHUIR9Ep6vimRWT/8fur5Xhhc5RcmPajr+YguTDtB1/MJRZcmNZTE2Oc3/rbhWk9dFvBV8Ep+nFUnjxTVHDxek4EFuYnfDPv+c0Fqm4obvfm7mKJKdp0UP7b/XUfcIn+aT5pW7vXqNXdBOCCiQ4v99DKLlOAES5e8KWFzdYAJ5zUnzpxDpBVAF743nFxur/2lr1cJ1yRtz3tq6YL++RIAW44N+b0eDgZY7lNWQnww7sir6/0lrtcJ7yvH/e7ht/PKSACt/y5ZmAHwF+XOwxmKHcQvEwBBXj4fPwKjkpAA94E0IAZy+0Ds5bbHY5WATTgswTbDocpoABnJaAAx6sAGvAyBRTgcA0owILlOuFNAA1YtlwbHGdrQAGOSkAD9lBuE+yl3E/YU7nvsOh8dMDnFFCAQ9/sE85KQAH2Xe4/vEyhkj+Ne9cZDl5OcgAAAABJRU5ErkJggg==
Dominique,iVBORw0KGgoAAAANSUhEUgAAAKAAAABQCAMAAACpg44GAAAAY1BMVEUEajjNATBEPyq4BCzVADLBmQG/v7//////zQAAAAALYDOqiAGqqqoKVy94IixWLy+pCiucFCwVTS6PYsuCVa7kXRmUP5GwHFyfPwvoc474sAb63+XSNVrTJyY/VGyaACPtk6dAhJbOAAACgElEQVRo3u2Z23KrMAxFLQtK69QYm0AI5Pb/X3lkE25pz5Mzg6ejPbRD8uI1W5YsK0K8RZ9Bh6+g7yJIpCQGZEAGZEAGZEAGZEAGZEAG/POAfd7dK4DqfnkM6QH2zTV7Cujvch6SAlTNRFdV09tZpYNXwmQelCXMH8pUEMts9k9qLWcPszIN/yyBQTZiVUKEF6j8k9kUPLTBOWNGz0jhxZjgpE0kvpVSIxeGx5MqhUlEWY5bzym57ETPJZWTgVDuvAFhTF5rQvKe2vb0TGdjn+kcuw0/ozTVP7Dh/7Ft65Ews1O1aeJWiAPs12HNoM+PdV2fYPNt1u8I6A3EmQfyw9HrtCBjtIVxgHT+gsHFLKmdO9btjIy++Fz3A6QIl0bLGRFuN+0WC9FIbcrIGIvICIMU2k6Gner6pvQSYzpIJETGWOQR8h2WkW6OcUuAWus5gdHJEOOYNcRXhKpQX7BaARrttJt7BwzV5h6zRhQgbuuJB2wpTZaYP43cDRB+Ah6d1kpuv4ZkAClJaqNoF2IigPgLYOsBy0RCfH9JkhBjo5Uyb0ySjwhdXspMKITUeim3KTOXmDVEEaHHS6Em3PrmqFfVsC7Uj5g1ogCHl6OOPrqb0/Lp4HTUDbsBFiHG61RBR6IsgVWzcCn2Azyv2y3oKFuMr4NKwqrdOu8IOKyrie0629Hp2UlZrivksCNgsHBq+bEj5XlPgLhq+eMMLN56aaLn2hw65WC5NIFK4NqJy7XTY0qbzrUz/Yt7+qMP4Z363/AI0xjAJT5+mzLlxwBz//xYpH8bAevEhujb3jWxIfr4M0RzRQRA9CN+/iGHARmQARmQARmQARmQARmQAf8E4D9N/4vIWiqeTwAAAABJRU5ErkJggg==
Écosse,iVBORw0KGgoAAAANSUhEUgAAAIUAAABQCAMAAAAA90aSAAAAOVBMVEUAXriVvOJXldHv9fv7/P7o8PnA1+7///8QaL0te8XN3/GHs95kntUHY7oeccHc6fWjxeY5gshwpdjMo5wuAAAB5ElEQVRo3s3aW4KDIAwFUKzaaPG9/8XOp07VJEBiL799kHoKhECg/60egn8b6q9eA323T+8cQ/859XmOgqjqHGPoqoser6KgdngO4z4KN5YLDC4KF5ZLDD4Kal/WGC2lR2HMcochRkGNGUtXNVxHIXKvWo0WBoOIKIbQv9l3vMtZdD28Wk8WAWMfBOo3ZrSUn+jFkvq9Qswxh6WLyc/YniXv/8ZOLMksAgYzJQ4Cy6iOYRQwhrwFJ42Fx5CXSguWfAw7liIMK5ZSDD3LdPvJyQBDyg8lFgEjfZshsMxXLK/ZCmNvK8vSnFhsMfJYzDEOLAsXxZGFx2iWshxlVY0WCWMtztc2jqVp4ihibCb588I+7HnjR8ZilcevfD/OGEoWbwwtizdGAcu8Bo+WxGKNcZij9SzL5FgPUrI4YezLhYKl3sbg3UQWVwxtFPUDUUCIIPw7IUYqwqyFMINPCKsZwsqOkOUIqcUcn8j4NnFT4p/9IuwEJAztrqjonANhh7gmFjE8dssQlQOEKgpCRQmiupaHYVtpzMewq7o+U4EWjp8QqvGPnkzcfBvEKc0AcGKFcHr3w5PM/RkjnOpCnHBHcsNQry0R5OYD+C0Q84tKzFoNfTsI4aYUxK0xhBt0CLcJf3Oz8g/mR4FmW7HA5wAAAABJRU5ErkJggg==
Égypte,iVBORw0KGgoAAAANSUhEUgAAAHgAAABQBAMAAAAgtay6AAAAJFBMVEX///8AAADOESbaTFxAQEDZvGLv4rv17dXNqTTm0pX7+O7DlwtEMbRpAAAA/klEQVRYw+3UMU7DMBTG8beEhmxcgStwBQ7gxcg5AHZclk62ZBYWR4WpSwwuS6aalhkQnI6eoMPnse8vrz89efnouiJizJgxY8ZnhG8qolNdTFuCW/QexxQWFbjAl8tMzlBXoA8fysGZEMoKwM0d7Yxb0r1AsNp0PsyXEcGtjHnTZCWfAPwh1++i/V3X4RcYf8FYiTZi+FOqXrRTlH8YTqKxOA4FxI9SeZt8VBCOvX4Y3SR/IJzKMAarEDyMRb896zB8I3jpvJLe7EYA673N6fi2GlkDo1PK1jrEdibl1d5nNyPaOT1l+2qw1Xb6mDk1YbcV0VVFjBkzZsz4jPA/ZjS0o37LDNsAAAAASUVORK5CYII=
Émirats arabes unis,iVBORw0KGgoAAAANSUhEUgAAAKAAAABQBAMAAABsc2MHAAAAElBMVEUAhD0AAAD////IEC5UVFRVrX4kPtyFAAAARElEQVRYw+3MwQAAIBAEwBRSSCGFFPJXSeB+++tmAGbswkgIhUKhUChsFt5AGa6AUCgUCoXCbuEJlOEMCIVCoVAo/Dh8BH+Zg5lNX1IAAAAASUVORK5CYII=
Équateur,iVBORw0KGgoAAAANSUhEUgAAAHgAAABQCAMAAADlRUG7AAABrVBMVEUDTqJUcnbz0QFsvUT92gABS51ELBXtHCT/3QD+3AD21gRKMhUFSJaVbBbmxQPHtjGPh2emdRtROBoBdK1TeGagnoskYKG9HzJhRxfgyzZ4ZU6riCaTcDg+b6NthlI3X4gyZniYqY/GpwVkgmJDKyGYdjkMU5Dg0AM1aJ+rug2DkkSJd2eWYxymJj+cSypBbW1uqWmHsBmanGOQoqF0nZ9yrCchps16XCJtUhCwrSnVvRIwGw7BwwoaWYNxx+FzniL9/v6SjIBveGXMwWO9uoHt0Re+rot4jE6CdDzbnAC1vb/ZsgEOjTyW1ehEj3khg7M8mbmEl5LjMB7iGCDdICWafhBZQA+SgEdiVEVYPhhJOWi0tkqXMzBTvNttiYiMK01eh1xZkpoCblloskUVeJFZuNESb5jSHSy0lxqvr6xhf3mfpjnZx0qVnjxTeZ8YP3Y9YmlGkii1o23A3+kiP4VvL1s4ho7IkBllmmGVrbTw8/S0kEEaWZ7JcRjKu6f1vgA3Tl+eilipc2++zdGEyd6hWFlPiEBiqDCOtnQ/mKDXxrG1GC84cDXDqSwthF9zHVYfAAAD7ElEQVRo3u3W53PaSBgHYCGvygohRDPVGDDFVFMNBhOKccOO4957i+2495LmNCdX8jdnBWfP3cfMzZK5Of1mGJUFnn21q50l2F8UQoZlWIZlWIZlWIZl+D8BQ4DydN4wmFOLhuruW3XtAvQZxJlTNYcfzgYtbiVNKy19SGWB2iBdzFoGXAArLKRn3TSiTDRtsdyLacuAUjlNo2i1lh2IDyZVaVMmYzLNaWntYqjvrWEOibR2TmkymTLpHYwVo6IAIIemMjSd9vT9tuvOKbXTUyqXSyABwD6rkZ5VTUsjq3Urp01TJGzArAbmemHQZc3Qbrc7Y3X9swEXDHsWuv46U+bcyrlHrWthH2/F0DzzBh18LKvK5UyCVG5tdN/cmzHCtfI8JOfzd/u4nNZjtd6RqBPdgkC+sz59AQPc24NWKBuZisW6Y64B6108fmf9k0Xd8He/m0FLWk8vJhhWenqhzZcqxPzdp85vnSjfnGrOXyj4gQ11qwJxjbG5Erde+fyp66w60dk5Go2Odo46s7H1kwIYtMYrZmyTa9/sGRyKPaS+jzvXxsS4IMTLy2uGyPrJCTk06DGbMc5qDyekHgreD0kxmUwuLCTXlsVkZH142EeSHqyvk40EsdQDb0huPXu+tLW1tLS0NVbKDw/7AV4Y2gBr/1LI33w6KxZvP356JsVwNLweYIENYoUh2+8dOEyc3RZvi8Xi2XOUROsf3kCtCR8MBgHbT42XygrF2G6i+rFard4sJ4LjVKDWhHGMBcjaqfFTBB8rHlO+l2Ao/OQY/1zsLOugXpbiX9sUy3vR1dXVa6fTEDRSHSzUEzhThz98bWqKrkWb6nF+bgQMJfizs2lj43L08ksdXmwA3CbBxknDRnTkBcrmSLRpwzARbgAsPeowUwqMbOpebI9u6zYvx4LMCoJZ7BXriQsmIuo2R0ZWX117ddulMHOBOgQVuOED4pxhRIWutRbdXpBhzoku3I9aD1mOIlaYSVGvq6UsTjIrBMXhhjvQ8pQneCMzGSwfOxwdYnCSMfKEAy1qDqywF21+1HziJjwxsWi7urJEJibCPEFl0cbHixUmpM3tq5bDo1AootFoVJFQCLm1m3hdYg+wvX25saBGhVjpoyklKuj5gz28bnvLAYRcdt+lCalUkbQqFNII0r4a9h82Y3XRv9vVpNqef78zNLs4PzU08N4r3Wirt2FLyxMfYDk+fK5nQStBNLf/rRGnjtxWjs1Sxvk8YLvQnWbs5qNL5A8Cdt44zwf6+4kGye2v68e8lzdeUMdU/ep1O9Go8PyR8XeeooiGhwqvvJz/F79nflFkWIZlWIZlWIZlWIb/R/APHRtvFRHdGcwAAAAASUVORK5CYII=
Érythrée,iVBORw0KGgoAAAANSUhEUgAAAKAAAABQCAMAAACpg44GAAAANlBMVEXkACvQFDf0dSvsNyroHCr4kiv7pStDsCpBj97/xyzwVyv9tyuoQip/bipXmil+WZpVfcenNW61IrrnAAADoElEQVRo3s3Y2bqqSAwF4HUyNSvp8f1f9lwADrstRKVKcuOFiv8XklQQv/786+8/ThwAgDMjscZZkbiNMyLxM86GxKM4ExKtOAsSW3EGJJ7Ft5HYE99EYm98C4lX4htIvBqjkXgnRiLxboxC4pMYgcSn0RuJI6InEkdFLySOjB5IHB1HI/f8ptn961Dkk5/KEA0XCiAUD5XIscjt1AVTGO5ppibiRUnG0Nv9xBdK0sNS1C2cpAbdBtbkFk/ICq8QmNIJSJRHkRI2rHHaV41wslINgHmRAGCaRUrFsO5uXlAYTpJlAKBBBwArkvRgjhpB7QSyvHitN3MDDOZkORmj5mTrOk5SVG9qLdUqYTBVISmDhnnL5yTJmpOnAJApURSgSJLuY06cx99WzkAF4GluADKdFAOSJCm0Icdi6wZ7kKFztzACgGixPOeOocdHN3k/8vG3ioxcK1BIGuCembrMmowP+uQlZLNFPD2u5WhAXW9peDrpODJayMclKJcKBJAiKdAbz1KFOmJVe5zAJO8zZOJqJbdDiCnoED+Rj0tQgrw/b7XgjPCcF8Mi3QOd4hb58ANkMixvb6Gk8TKeNa2Y8+ncG9lo4nLkUoNpAFAQMhazMs1rGeOdkY1zmBRSAVe1UiAlGWStQAqPnDMt4H///NvYZEiSczcIAwi6LUceAJvfz964aZqmx7vqfNoaYDFLl3Kzy6rNeTj2xTWBIiSZqZB0kmY1L4UGGKApJCnSG9cEhgRZEIHOE9sIAOXqIYCIkXTx3rh2BinCNAZg7pJuNCBZ84IdtKTIsTX4CNcEKhmecZkjFtT5gCsVgIz0OLAGW7gmEEGySK7/JShlOYHDTJc3vTuuDZy3AVKXwQcpmHvRTUvXN7vj2sB1ElosS5Yy58cnm5/lP3wo2YnbAC5C8+W4sOXxE0HRj6f0XtwGUE2DpMmaqeVFOANDTfvjtjIYnpkSuR4Y5Ut7M0My861d61XcFlBJMljrThB+7e5455x7B7cFhBbXEAAe19bhZa3pjNsErhvB0hBe1+Hzc9vuhtsGAnJJopuX+SV9OQj3DAjkFXXF5jDccyAAU1VVIUVV7/5N6o/bBZzL0SvCh+P2Aq0cdETZYNzuDCagBsho3G4gvpC5w4A9cR8De+M+Ao7AvQ0chXsLOBL3MnA07iXgN3C7gd/C7QJ+E/cU+G3cJvAMuCbwLLiHwDPh/gc8G+4OeEbcBXhW3DRN06lx0zRNvwFx4N70CF70hgAAAABJRU5ErkJggg==
Espagne,iVBORw0KGgoAAAANSUhEUgAAAHgAAABQCAMAAADlRUG7AAAAz1BMVEX6vQCtFRn3ugDrsAKxACSnAiGSRQflqwCXPwmnp6WcKROVYQKiFhyura6pIxiSTgKkmnrLmwyfIReXNAidegGPcAOSWQWUGx6vlKJ0OwnytAGuKil7TwaWCiDgogTYqBprd2VlZTG5jgtxWQfJVxGoZQpCV1dHX2TZiwSOJRyYNyfOXaazhZm+q3OriXHAcKK2q4qxn2qCgm9WbHiullWcUEQYPYqdgSnSawuldHH0vBGqdgi2lzeoPUjadwpFJmqxpKqtTUMwWnt1FA2PdC+tyKCMAAACkElEQVRo3u3YW3OiMBQHcCAJILcI4Y6gIqiola1rvVWrbvv9P9MGdTud2efQ2dn8fcHz8puT5IQZBPGbInCYwxzmMIc5zGEO/0cwD88jdvZN8Hb7Heqh3//Y2v1Dy6ht5wC4LlByu0Vcyu04V8Bu+7qL7Ty2bakluJ9PixJDuP2A0C+LLActwcCHEGkQqgRCgiAq24Lj0oAkIDONzNSAQOO1raUWFKKlalDJshaoqYPbadi+Lzb2R54seyMf6/Ft3xmzb4QQpelZd3VdL0vP1Zu/h0ItYraTVOJSEKbTqR69v1ez2czf9vu021ed8UZnnucpwEG3pJ17lkChZZttx67rCsCCaRSlEJmLS7jvLrpAoGW2HUs/Os8ShaOoF1G4DhfzkMLSU6fbDtwbjXoImZd6Pg/NBjZbgOOm4zu8oLAZdpWYecfTa4JE0YG9oTeCqBOa4by+LA1aS95YujvRShILGajneaMUGYtFXdfmEokWTcEStpZ0eIAVeMOxn242aRiGtdlVwNrciyzhWFx2rhawUEXHaTOebE7mpTlc1pXCgO3h2p8SJarkilB4vDFemijJac/2cMWFCJNM6Rm6pjrn8fisYYz9QMkSKBYs5Td4DZ+lOyyj8xnJMsE4UKSn8ARZHutp0lwgD9iRU0JhQ25gs5tMmc7TV9h3fH84wvod3rG/Mj9hQ9Ww6jw6ZntzHY7rowA+O5ZV4mBcAeG4XrOFc8+lL94/e3zC0BEt+UWw6WsxZ7rS4+FwOJGyqoGr5dKQCaHTJE1uZZbwzwH9SUIWVepstdqvEiOYZbS8upUZwpPBr8Gttey4Xg0Gq/Uxk76WWdqfDzEAsfRXmeffCP+kyGEOc5jDHOYwhznMPL8BTqZX8++acwkAAAAASUVORK5CYII=
Estonie,iVBORw0KGgoAAAANSUhEUgAAAH4AAABQBAMAAAAtq9z9AAAAD1BMVEUAcs7///8AAAAAVZq/v7+65PmOAAAANElEQVRYw+3LMQEAIAwDsFrAAhawgH9NeFgPnuRPAgAfnE52x/d93/dH/3ayOr7v+74/8QBvaGOrFOregwAAAABJRU5ErkJggg==
États-Unis,iVBORw0KGgoAAAANSUhEUgAAAJgAAABQCAMAAADSp0zKAAAAQlBMVEUKMWH///+zGULZjKHGU3LsxtAQNmUpS3U5WX+GmbEeQGxHZIidrMCuu8tVcJF2jKfP1+Dj6O5mfp29yNUsLFr09vildKyWAAAC2ElEQVRo3u2ZSXJkIQxEhQcxD4Lm/lftBUguh1122B0QP7rQKndk6Yt8yAb4h/rztK7GCShn/UgtN2aSnJflaPulyrjeGOZWsgMAgBqLHSoFshoAALxV1g//ttvxE7SlUNd3TFM3ow+uqNk8bIqbF1Tghqk4P2ZVBTcYC7MlgDHXaSJWMVb5C9rKFnOOG2YMxyybdwpZwecKEEC/riuZZp+DH+PlU/NjvIwvU2lfvGGV5ocHo9bVmzHioTKk7BglXVQcZl1UbSgMquidxrC0OWjQogxa4PEKQcYrRthmzAE4BD0UOlagv1TrjXnuEGiJUAzSzPiJCm69MbREYQxQLj2OAaqiUlPzI5umygzY2EsGcC/rCgAAqbvZiKL4xkWOWrAStZWjFr1qG3LMVO9HNrls0kwpq+tktdV5qqztVNVY3PG6AABw9cck32IsC7+r8DvZbs0keZ/YmvzeZ8yR8kLyyuhU9gPJs2q41Vi0SUj+kd9B+G2rhIZ7XlfjAC/8TrdqUvueWp5j3gq/c5vKpCIkJyE5JSF59euTP/VeheTz25miwiR5uyE58zsoMuuNudI4VktMQvIsJJfxCjxeNZYNrNTCbyf8Rv0NyR1uevaAkVh1X/M74rZbOYjIT8HceZRSV2T48UgeAAB1UX1rwEIhfpg24idjIPaQiRMtUdy6iWvjeMvwOJkOaSbXjUKP6Wzi/90mvvoF++tNfHWO4ZzqdyTHb0gOuwLW28gkr8LvdMPvs4nf38TLN5t427aJo5ZN3MgmboTa99R6Y3IBwQi/XXuD1ZsSfke9IWCD4lHKQvIqJPd0Q/KeePh63vCHOxJ+F5JNnDhqLckmTkFIvmMT19px8hvHUZuQ78Lg93vl0W/bxC/5D4grGlMXrWPsGHtcYy8XLXi6aB1jx9hyY88XrROwx9jjGrvsrTwBe4w9rLHLvmBPwB5jD2vs9aJ1AvYYO8auVn8BFOJoJS6PIGYAAAAASUVORK5CYII=
Éthiopie,iVBORw0KGgoAAAANSUhEUgAAAKAAAABQCAMAAACpg44GAAAARVBMVEUPR68nWJlGaoh2iGXjRhZEnSaLlVf83QnaEhoHiTDQwSeyrjzo0BZfeXYKZXMwP5ZYM3kHgEHDFyp/KV0HhTaiIEMIeFEuPlmwAAADGklEQVRo3u2Zi66bMAyGk3hLWC4FSun7P+pyhVzoNAFLqimWjkqp1Hzyb/82PejXlwfqgB2wA3bADtgBO+D/Aji/Hzqw/nvP3wf4fqAkHu9vApwzOs84fwng6xDPIr6+AfAj3j2IVwFfGP0x8Kst4JzzEZITzi0B5yJjlBa35naAJR+SEt1LiG6ov0hVLFj0jtxQh1cAQ/3BLitVLHoDAbsN4O4vYsuaVGzTmIjdbVoAvuPKC0yM7hrH1Xh+8KGfZyM2GOWTRZnaNBax4eDTxyB2MkTqLq7cJEOI8bwwLe7Zc04DZg7NsVVYGBRziXnm17UBcz+2QFphLbf9jOcjhlYGLEawkZQzc2U0pqoYynUBeTkvhMKuMLXGSpSf86qA9GhxsQrrXDI4WnFoVUDiZU2CM2JfGd/vAaK+w0lNQBk6I7OeIkuCSBb6RVYE3EqMAIAiLgQDd6G2W4RG1SBaAJokShK6IJRe6KHow8qANC1+6nyE7ygWVclk3tCKgJBs+a7MYL/rLgWTiRtCRcDUhrFF2RW2yYy6ozmgk1nxeDWgpVeqVhIHmUmSLEnucerrTWI1VcbltrwqwiRWuCFgMmoxcAm67LaepUwPFQySpyOvkQ8C55S4AcytzOYF2z4mlMeMvCJgGHXU0QXr0znSaKYA/GJjGWmDUeeWBbKdHVwalPDd4VZDz0iqLwsHFgK+mT0gPbKihgurG25GXm+AmImmC2u+8htiO1AwVm6E7Bo3WfkzqzYPSlpegRGA32FyjaEyoMwszmx+BhrATz4sU7OUlQHTNmES/GoAsE0+ccdTJ0M/zsaYKCw8MEDIabJrjaePQcPZWBKFw2oQAM22GtXpevqY84DDtP+4tbvOBqh7Zf95axpaAA5BZBXVI0RpoyGt49AG8DmWj+cA5b3x2QhweP4d4BW+a4AHOSwBL+XvKmDcKR8Ap4sHXAWM3cb2bjakl6E14LCOn/9TN65De8AiiTem7ybAshJd9T2HrwHUQk+J0uO03vTFdwEaz1mXZdKxLOvzvm+9EfDfRAfsgB2wA3bADtgB28Zvefpdh7zX2aoAAAAASUVORK5CYII=
Fidji,iVBORw0KGgoAAAANSUhEUgAAAKAAAABQCAMAAACpg44GAAABAlBMVEXIEC6rtc3+/f4oRIHyxMvAyNrWTGJiteX///8BIWlTaX9Rl7/4+fjo6urzytGlscrz8vJ/LDo0TYiiDSXjh5bROFHtrrhNepTnxgDRz8/g4ODOqATYugK+ESlyu5S1vtITnFLGkwY7VIv+3ADz0wQFjULSSF7U1Nm2TRS6w9dSpHg1omZddIC9YRG42sfBdBSts7C3Pxm6ggVPiq2zEiVSsX7L39Mxlldcq9nQtbh/jIu1jpOXyK4OfkHBx8Gpa3SVoqBfseD109ixJiS/LSK9xthuXWb0ztSZaQRwKTKVPTjc6dS9qKCoz7qcfIS2R0j69t1bNz/CsmXdanzg1VvAzsZpTJGxAAAE9UlEQVRo3u3ZC3OiOBwAcEtdiZhcab29Iq/CipWCiFrR+ta12+37tXvf/6tcULQ+CHg3Wpw5/p1hRAj+mpDwT0ikkmAaFydp3zgAIOEFAAf+55xcgJ8p94xUkt5yTC7qEc9O/htwgQfADoAhxDDgEm8HwOR5CDEYeHIG/kgtXmHrwB8gmQokBgHXeOBo68D0ty/BRDIQN+4yjzo6TG8fmE5/w7VIbmgS0JeX3gkwmOgPJPB2BQwi+gGJvN0BycR1YABvl0BMvPAjrgIDebsFTn58jbgMDOHtGuhHRItAFMLbAfDLahRZwH5P4vjOesQFILV8BBXXim8dCDaID2B4/P+A244YuCPgKBMSo4iBzN3xNO7w3/Fs5yPuSlEDs95xyxbrdV26rkp459pSa1XLwp+yTPRAScKm+q0g1KoqJ4qCpduqbelVTqjuBfBaFTm7rguqOk7U8Qe9VsUb67ou1GxpH4CWqNqaygmceC+5tVm1VU7L5zXRSkhBNfhJAzWTbT0+Sve3GCiIt1ZNcHFCTcCbsXQ93gPgPWL5cUIXOC4vqniD666GkWqN4ziNk8hAv2RhGtOU4SdcB3pH2H+RLDDZ/vt7PZEVxTyn4U1eE3RJzavSWLfUKmeRgSvZEp7jTWM60/v6F7WSbq0cPdgw3WKytiDauijWboUabmC7WstX65qGO7A0rgra8WbAdd7R4XLCenhABRPJvdhSBU7V69K4LtVxt9C5PCfo7kX0W3WzGvTjraf8IUQS8CV1fn7+cp6axFdcUHqx7ekuPpB6CQf68/wmTevE8EnTaQ5nu9AtBFkIkm45nJRDCvA8dL/PnYZNOwk8/2lnAJEI5CF0zAY0zC6EHrDryOV++0F2ZBgCJPNIE3cikQTsN80Hx3HkJwfJzhQoK01TMQwFh9kPAgbxyEsfBCIJWOni+mMNAzZMudtyS7S68El2eoWm/IC6ldOgxaMAXtDikS+R2MRlo4kUXGNQkWf3oFxoGkpPNhQ24B5c5YHViWTQ8tvh0VppYhM7XRMpQ1lumEZ5CmSb/bLSK5is/BQADOGFLWCuEck12CgNnc4jMpoND9iosIpx82bKbDkESGjczZaAVxqaCGTN5s3TcwcZje58mCkbsNVpGIHDTAhvk0X0JSIRiBC8yT13Os/UxzhYboBWB3apIGAIb7PXEAvEgIEatFqQHRTd0zwgRYHHwaQgGUh/TkyA7n8xeZrMgDgxGgzQXgDnkyZCkJOFGBgDtxOlwZ8L8cs1/Vr8ZlCKuhcXcSI4GYsoHi704tdXUOzkqOh78WUFwN7fPE+xfJHNzcfBV017v28dt0DlMmJgpg2g0WZZHhWLfTSvwd8aJwoPeGxsZyIGjkp4SijzED/xihVq/qhTmqIgcniiWxpFDHTbGAAe34igws/vQbmgFJrab4rcwp8HpEu8CwQ8wl3CA0ITA3smBHyJjh54hRu5CCedeAYsFwqFXqGLG/hqD4CuEPEI5vg5sIF9vadA32cC6SsGAZYfttEMyBYKShkg5oreDyA9Ys5wM1favDcnOR7gEabCjOh9AeIHShvBPu+Ng517BFD7MuQ1xOcC6QwzZGf34CPLDpkMvV9APCAyQ68G0ZC5DH+RQ9MREJ9x8pV93oAXDRA39M3b201mo1OjAeIh52rTd3X0nkcMjIExMAbGwBgYA2NgDIyBex3/AAtSrMblhVTEAAAAAElFTkSuQmCC
Finlande,iVBORw0KGgoAAAANSUhEUgAAAIMAAABQAgMAAABHWS50AAAADFBMVEUAL2z///9if6TH0d/wfAQnAAAALUlEQVRIx2MIhYEGBiDgDUUHIQyjKkZVjKoYeipGwSgYKWA074+qGFUxDFUAAE88J80tOqd3AAAAAElFTkSuQmCC
France,iVBORw0KGgoAAAANSUhEUgAAAHgAAABQAgMAAACv9VkaAAAACVBMVEX////OESYAJlQiso6AAAAAJElEQVRIx+3JIQEAAAgDsJekJClxr4DZ7LKVmorWWmuttf7tAynBHQ72QRI4AAAAAElFTkSuQmCC
Gabon,iVBORw0KGgoAAAANSUhEUgAAAGsAAABQBAMAAADsLJZRAAAAElBMVEUAnmD80RY6dcRrjZg/qk770BanNcnDAAAAO0lEQVRYw+3LMQkAIBAAwK9gAzGBYAEHA9g/jR0eHhzu9osA4CMnY0fLuJqmaVpNWxkzRkbXNE3TStoDHqc3CazO3W8AAAAASUVORK5CYII=
Gambie,iVBORw0KGgoAAAANSUhEUgAAAHgAAABQBAMAAAAgtay6AAAAElBMVEU6dyjOESYMHIz///9rmV7aTFyrfWlIAAAAPklEQVRYw+3UQQ0AIAhAUXUWoJP9I1jBCnaQeeL9+zvAGD3ae6PBMAzDZfBcGbwLLuy4MBiG058kzCxJ0ocuOowCuj3NIcwAAAAASUVORK5CYII=
Géorgie,iVBORw0KGgoAAAANSUhEUgAAAHgAAABQBAMAAAAgtay6AAAAJ1BMVEX/AAD/////WFj/p6f/9/f/kZH/dXX/3d3/zMz/5eX/trb/RET/QUGDtrwrAAAAvElEQVRYw2MQxAkYoACPilHNA6RZ3FGkEL9mdBVIbBkGho34NaOrQGILMTAo4teMrgKJLcbAkIhfM7oKJLYoA0Mgfs3oKpDYwgwMhvg1o6uAB6RaVDMDg8XSpEJcmrGogDEkYWon4tKMRQWMIQKTcsSlGYsKqmimyNnw4JhIMMAmUjeqKE0kFCVPijIGRVlSosS9Eb9mdBWjRe+Q0TwKRsEoGD5gtAAcbW+PtrdH29uj7e3R9vZo0TvoNAMAiEz45ZufhU4AAAAASUVORK5CYII=
Géorgie du Sud-et-les Îles Sandwich du Sud,iVBORw0KGgoAAAANSUhEUgAAAKAAAABQCAMAAACpg44GAAAB0VBMVEUBIWkBHV80TogqKiwAH2PAyNoAH2fIEC7///8BAQFERUQ6U4q5wtZbQSe+x9mOPQLyw8o7NzYIHVOqtc2rtc1LSkwiWqBPUVJfX2JhRSzdogAnPnKugQi9FADoqQBwdHoOJleGlZLWTGLRmQJzfH3s7fBROyaedgs+Pz9oSydcV1EYH0Xy8/TwvcYiNkYDEngeK0oAAPkOKWY7JChrbW7VRl0aMW/vt8FqfJtWWV2Nl6343ODaXXJOJhU5P0v/vADXUWcwMjAAAOpcaophaGp7NAXzytF/hYchcgfzsQAdHB1NYoKVnq5eVDIECR1YiAMcMFq7iwrSPFVAUXTZV2yEjZHTQVn6+vrg4eEHYRQCCZyMaxDT1t2Ej6rm5+e7xNe1v9X21dtMFDINhEZYd6Wcprt2h6LV3v0PRi56lQCnr77O0tQCFEUDBNfus7wvPltpMQ70ztQFdj6uqABQMEQ1SHozGDiOFAv10dZNewjVtwAABLu3vMXCx8lwYhxxFhh0aEeoEQGOSQ1NZKJDa0QAAsmji0qHWRIbIZ3M1PE5YmadnAD66OuKc0c6XhBGQB1qhj2bTRwkbEyssamvZwLgYgDLsZ23mkrYXQDNdC2ttdDjdvGVAAAItUlEQVRo3u3a53sSWRcA8JnMOA4TEQd3ZmihSC/SZQEXkBKBkAIbEUISjEi62URTNN0069p33/bXvncgphkIsOrkg+dJPqQw/J5z77lz5iTQtSt4NS61QafGLzh+cT9w/Orpv9N2Cb99i/2Na7ehbx3govWJZwNZ3rUqD8e/A/DixRvX6xDPAgLelQrv1m32Et8cWL14HWJ94CHvUfUC3xx4b3/3HBBH2hoHto3g14/x8JEG3xZrXNh+GX90q04WawNB9q7fqPCe7r/ycvuZMCVLw4JBGGqBePfXU4i1gAe8O43zICX1zI5CMGF/TqBQc8Snd2oQTwce8u43zoMg+DkQCoPPGVMQa24rAuL904mnAQHv17vN8yAIfRt89ox4biKepZuuFpb4G/umvx8nfg1su7fP+61JHojZt8/+HXxuejvbSkEfEv84QjwJ/Cc8EGlGHDBS9hbPHEC8eZJ4HMjyfm+dB0Guzk7BXKer5WPxa6L2KFCL/1Hl3WyNB3ahOSAIwE1UyIWTMWTBb15h40/8SxwC8T8rP/rCswydfPXls99RKBCYzajQLGxMiTcQR4BnRgPAToFAABZa4MLOKTAgqEansNFu5ltGA7vQtQ90NbTIPxC4z8GEc645F1DOwY00Dj8OiHql+/e7OXMAQwPmTnPlS0+UvS2j3AKdIFnoaNFblQbMLkzoQgOVPRgt+jHMmXJyC5RORRc9/ZZclF1Oc+dSAA64hJUiSeWmpanhoWGOM4hO4TnL0HqxyK6yyxXodM19dLF70Dmdz2tzuWEn13vQM2ph70pDCgxCSb7YKOaLxWJwR04B4Jq/H+W8SDB0cWxqSKvdsUFCkjQQjD1sIKxo/1rREoXR83FQY2i/ZerlHtzvLZS1w5GZz202YSHyUjuKnps7SaroWXVg+dGZne5o4eXQTsQWcXjWPDas2WahGoctw1fALy1Dc82CreCV7jlsDEFQ7CdBzDojEbgQKTTZblXjoHU90W5V46DpaqbdwiIR24zDJooxjIgy+ahYDN5jk2hrmQeeT042rO33Widiq47InqNgYzQLJcNCSSGyra46Co499J/wTm35jxHvN04E+YuADyHhFpUWFJS14HA4ChEbBsOgg3U2zrtzhFfjoakFIupJST17qzMzMzDD+DQxggLlMeNYheHejY13PbtMfWH7hWO8G9frP3Z+IVafT+40QExHswqNxvyyIF28oPCJwElIafNRm2N14WPnG9n8mw8fZhvhPT3Jq/ngfkC8uz9dOIPYH9fEFaJ0f96CW6IiEcX4glFtbjhiE2wLugK89wQz2xKvzuijOWK/jyLChBJa9HulaZOI8vmCcLv3ZQFGYcqH8HhdUPos3sEIqYnh0VHirUf1iKmsz0CmQcGiDMAxFGUSMUHGDs5o5yt/F4/XW6uWj/OuXWl2/FaN/SnX7ZrjN1SRpRQKFqikFhh2iUUm08LCLPhG6hKPjYd1b3UHvBYGmEeJNWfUqEalYLIpFDT8CyXQLBAGw8TEEtnvhFD/OMICa6WQvfjBhLnFEfBRYq0l1mSzWZUmDaW7Xw/0DSR2BwYSfYnXQ57FqH/8QledFB7hjbQ+RD8k1vAtug2MIqsIOslpVWJl/h3rCy13F6dyFv/4uK+SQqzOjPpWLV7Df4aoxpVrtYqYQRCEysZIZL28O9mnly1PTvbt0mvreM4//r9KBnlNjTS/dfS7kYqQQcbo1MDkSqJvHqwwXV4rro+NVH2cAtG4iqkIfcgwTQ8sz0/OzyeWd+hLUSnqdfdWgTCHQCkoEBYYNtinR4c/JN6wOeybGtVKIcxL8jgHoimVSlVZ5LB1fbT8OTG/AoCqsXKRBbKnTBe3wMU4AMYQIowgTJamve/eLPf1TXppekwKoWNhgEM4Bc5SBl9chCCkKEy4NTR9dTfRt7KyvLZDTwHgMFFNIHdFoiRjMR/hAwtMxOOiz7+M4dPL8yuTKvzCmIUF+ni9Il+du/H3DkyqYNyaWCxGUURWY4qvlXP5d8uT81l8qjyNAqCCx/O9Qmod1D9iB2oMCp/GrfGR4rhbLAZ7sJxKvFmmu2mavTl7u3ldCq2vZrfw/SNIkIpsXMHoxHy3m69rp8te+t3ka3qUptlRzc6rrl7ROMUhcNaA+FRuguADYA+fT+1oteXdAW83Pt3GbrvFVyNdMQWHRYylEcQQp0SEmG808UEocEtZlfCP4lNSjxOD0Kvjr8bdHG5BCCLB8UcZevhGPkggXyzWgBMwRtPDeYu2OAbDi5fHxxnuipidrwYR0i3SVWZuAMifeE3TfrpdxfY/uaG3Lz7qTDxS9JBDoZJCwgRC6oxGPt9o1IUHBjTrnx5/yldatH/95++//+tGuni9Qq58MCkWG0iSDJM6vtjI172fePDgMfjQ5Co5LObzeW3c+vAhZ3Us5IsRvpgMh4ERbEIjPzzwAPgef5rWjsb9bHSDGONsiTElaSaNYnNYpyN1Or5RhyATjysptAJXVCqVejwepxPlsIxRyEza7UohDCNCs12JYUrrBAjrBAwCbAFrjx3iOuCAPCmzV/9eg6EoLBQCbnVRlbJkSPCQc+DWtlwuD4JswsSGXqYGX6j1PVYYg5QZ+V+CrRLXwKWOjifbIYmdGJSo5S9e6Af1RhlwqnuUmVBys6NjS8itT/iko2MzmZRIJOpBQGQTKFdLZOpBvUQiD+nBT0so1wncVGYkksygXp3Z6CGsShiUhl6S1OszcrUdLm0ucZtBrFRC0xnZYEaitx45T1BCJmHziGIo52UMWdUZsMRq5fHaycgrQox7X1oiG0yCA4U4rk6G1HqJXjbIeQZhmVov19mToeOUnlBobvNFUibv4TqHoELkgo6tv0KZo0BsIyQHFbwd0is5X2JUtt3R0dEZ2jiWqmBSBr67ZTwHNQIpl0pPOp7ITlB6trdKZvg8+Nj/7kCXNt+fTGzAjEHnKITo153Oz/gZP+NncBn/B22Z9Xk+NlXiAAAAAElFTkSuQmCC
Ghana,iVBORw0KGgoAAAANSUhEUgAAAHgAAABQBAMAAAAgtay6AAAAJFBMVEX80RbOESYAaz8CAgDZQCI/hTS+nRA5LwSTegx0YAnguRLwxxSITSFiAAAAzklEQVRYw+3SMQrCUBCE4QEhmlh5BU8gDCTR2ivYC4GthXRWghcQcoGARdoc0SKKCiJktsxO86oPlp+HlWMIHDhw4MATwnvH8HfJEfrSmwPPNg5c5Q7cbB2Y1G1C6rlTUs89I6XcZmZ2JUszMxuJO37sPBIvm7fd9kLp14TinXr08L2eR6tfRDwaAK4kWYp/pCbJQrPZcHYr4cWALxKek3lFniR8Z9FmNXdi7BuQirnrHAAqKXdW9ACwrHsl9uX7/bWDY1g7Fjhw4MCBJ4QfzWyGIb/Z2E4AAAAASUVORK5CYII=
Gibraltar,iVBORw0KGgoAAAANSUhEUgAAAKAAAABQCAMAAACpg44GAAAAdVBMVEXaAAyOAAfBAArLAArTAAu4AAqscXT///8AAADwmJ2iAAiPICRPAAOYAQmvAAmrLzauFhe4jpCgTVFzBQnr6uoqAAH6+vrDtLW9oQmWdAmdOQecXl8VCADkkJXe3NzTzc2thwf19fWZVwZzUgSJOj7RtgptKAMhkEk5AAADZklEQVRo3u3YbZOqNhgG4LxDI8lJAEHA8q7//yf2CRF19/RTuzXpDLcLSwjjXBMkPICSyIMO4AE8gAdwS1XbIamtnSZr62SAJTZgTsSQM1PXhuWDIHkVA7Dq+xeQS6k5rDjXsHoB+74KBqy7ri/zLu8n2OiUhGwrqaDZTT10lbBRhwMSXtccEVsbUwoYvz1alMbUliDXTwICOeOcMVhRU05+CP0ATqWhjy7GwwGH/LQnnxLBEEJFASsmkumtqw93Ffcn4yNhlAQjGc3gjwAwqdWj69SHnGYEJ1vWyQH1lWQZuWoHnFbfo0XQedBStMXNKl+BVe57qI0JmDpgGi8QEaQUrOIFIpllEkUGJFg/gTJN06t+AjUm4YHknKZ4B2YATLMdWKTpmQQHgiI9078DUqCnxQH8l8AsGHAaSliEdKYzXquk7DD2QIw76FvxBpRigL5h+jiwlgIW7oHa9InVhHgg3N9s0hvtgRzu00LWnwfy3AqYBYvz+ZxRY20H02B2di2YCDtrDXUtKG6IsDkPAITCXmoI/MMUUeqKLUYhyG8gil9H6M8DS3HCe4rH/eRraPE8YBXl56/iXqx7SVpATt/yvm8VfYhpphKUMbp9sJZK4S8fqTF7dFNRhZkHtxrfn01e8G8p+PO8M5GEBiKEv/8C33YcwAP4QSDzE3a0QAV3N1fzxwXUdPe40svVgDuQ6giAUBK4MXMe6X3uqWTboVwZERq4VaWp2oCPAfRDiJFKt1o2MNCjztQBsx2YOaCnO2xQoEddye9Act23YwDy34H8AP7/gR1/PCalV+mA9+tjmrk7oHwACeFdEGBljVJK+pfm2NWD92ZxqKW5u3oQ+5fqUMkqYwMAh3V7IPLB2DmkWZrlvsynrYHxq1+u/ceBtSbPFFg9UizjfW/g4nXE55/qquHXK+pZF5h5mcneUG+HDB8fwap8JX86lmW5Pxv52yH//Df4xw/kz2earmterZ/4bvSzaU9yZijekGUcFxKrjtH20rTtOBoaJ7AdL62Z59N8a0y0QEIpjxaI4BSPxi3xXiZkvlxaGvFVjGgzo6jDr03kwMsBPIAH8AD+Z8WMe/aQEQPby+VyG2MG3tpTc4kYaFrD2jZuIGrvcZ9iE/Upbm+3uC8S6l4WqXGMe6Jmc+QF68/nL4cbCIdnKn0YAAAAAElFTkSuQmCC
Grèce,iVBORw0KGgoAAAANSUhEUgAAAHgAAABQBAMAAAAgtay6AAAAG1BMVEX///8NXq9JhsPD1+uGr9euyeSUuNx4pdOhwOCHHXzPAAAAd0lEQVRYw+3VsQ2AIBBG4Zc4AY5ATOzVDaSwdQNX0P0LGyksjEeoyP1fd8WjgQuERw+whyIo9hwfmChuJo6PEWDK0zpbfBx52l6Y4mbi1413ebiihVbSdTwkC32xTuJ84RvAkoogPsQKhAqK24nnCloxJ7RViv/ce+X8rmKesLwAAAAASUVORK5CYII=
Grenade,iVBORw0KGgoAAAANSUhEUgAAAIUAAABQCAMAAAAA90aSAAAAUVBMVEUAel73zRfxoBnSISMlZ1PaQSGhsC/OESb80RbKtCTVMCIzi0/FviUZg1Z4ozv5whbndxzhXh7lyRxSlkb1sxfNFSXsjRtgV0ORLzWCfzgealUp4ZZCAAADc0lEQVRo3s2a27qjIAyFERqzhtYiCtqZ93/QuVD37kEq2thPbmnhl0NCVqI4rxnproem8n4WPSX7umQPeVkK1nWqx8KmumotS2HgklMhCehg5Ch8AQCAe9kV0w096F6mIzf0FF5qLUyYn2kinJ1pIAxWbkcMkNqSGkhtiQMytySPwiO4xCEM0Aiz18rCBXhBCl1HM39LrCMmZ+ZviImZtySLIhIz86zFIMPMhtJ/ipL2Yt92RxH7P99sfWItTura4DutuapTkkKpa/EFhuKq1FsKVe3OUVwrtUShVFXuyVGU1TDNAsWeHD8MGRRKnctdIH4Zsih24SjP9xNkUSh1vogyXM6Pw2dSiHI8M6ygUKqV4bi0r0OvoBDhmGNYSaFU+5lZb9r5YVdSqE/cS3NNDbqaYjNHmmETxSaOdwwbKVa7udFpCVOscy9FWS2MtpUin2OZ4RMKpapn9+J0rd0bp7ULxaObK7xhtszGFymntY0i4zN+3Iu2HJkDM0erkw5jC0XZqkwON8RdhCEa8W4NwxJFwuy/upcQH5SDGPL+mUVxWTQ3E4edYmI3xqVrGBYoGgAomjZ3FALGLYknMYrqPmR423rSWmsdAASttdbUi1Gcfy7c0jm7MYU7GxGIb2IULQA4ACgXRrkXlAahJ4pRXAHAdgCahVHineQ1SEpRdi0MU7NIcRulHACjmHOTPReW+VxccijsuCFWlkJdAPxl7q9L56IftTVXu1Ffk7sj6twAZR97tXRHWjNoa4bNoK8ZQaulqguK6t9p2YLryHZUOn1hOWpBC66Uahc92uBVa/Z2UhU91xD0ZrkeFQD0r8JoZD37qleOm0RV72RfOStffE53dff85Nv5xXeE1+8RIoGVUVGxS1R0hAjxCNHyEZSDz1SUQkRFOYKidAR17QhK4xFU1yMo0NUB1PgjZCaOkKU5RMbqK9m75n327giZzL78YlK3TGR147uUuE13piss4rvii7ghz16nq4NCujqoFq4OCslKpEnjm/naLghSEJGHI6KXBTZE1KEjopcKDEtEDp6IhChseAnFngqHZgpzpmAtqzAnrwqkThYb2ZCcyRcAarkqkGiT1UExWR0Uo5vkFaHTWaPTiUPoXO1c4tjqDrUghSZmP3tLSBs2ehaw88wkWR1kkibIpA2X4cjRfKU6KLJE+w80K+3C8PIRuwAAAABJRU5ErkJggg==
Groenland,iVBORw0KGgoAAAANSUhEUgAAAHgAAABQBAMAAAAgtay6AAAAMFBMVEX////IEC7XUmjrqLPSO1T44eXcZXnMIDz88vTnlqPgeInvucL10Nbyxc3jhpXOLUdbUIzDAAABdUlEQVRYw+3WvUrDUBgG4KOm/rf4xmiwFmkXcbSLIk6dXXRxtro5NRcgZBBcK+IqCiKdRPEGHLwAvRNFHNwcRJqf83HeL6Pk3R+SnHw/x5gyZcpwqW7drd5vx0Xo5EYEAPAvCzy2hb98a+3s0AKfOlvpIpkdFX5EOtcKO5OxWFTgdhajSduxnIVP47c8pr+6ElnwPIlPYcszh2+s+J17a6vFEoVH7TiMi541fd4dAS8w/SRY1Alck3BAYE/C2HXjPRH33fhcxERndUXcc+OWiOeK/2bqR3+IuOHGosWym8TajoFhSsFz41cRT7jxuohH3LivLtwEPqB3kAX31IVrmFKI3HhFPWIMMTBqBBZXg8fgJr13LbihbTfjXsVTYDAerPiMw1/K8ZTCga2lp8Fh63m3WVwnLlcixppiFeRwkJ1F4+AxTjLX544GY5DCm1DhMDnKXqDDCIZTdB9ajPDot1aqt9BjwD++eLo6jFAIsylxif8r/gHbSsSv7+t7bgAAAABJRU5ErkJggg==
Guadeloupe,iVBORw0KGgoAAAANSUhEUgAAAHgAAABQCAMAAADlRUG7AAAAclBMVEUAJIgBZgAAGwAALQABQAAAVAAFDQAAAAD83QkAGV/TvhcAegAeGgDjyAzu0Qw4TWvDrQZaZlpJWWJ/gUetojBBOQJWSwIwKgF9bgSQgASxngUjPXWhkAX11wppXgNwdU+UkD0VM3zCsiU8bAF4kQNEjwI0kexgAAAE6ElEQVRo3s2YW3faSgyFPTOS9j6esXEgvsa4SSH//y+eB5JS2pC4sUO7H1g87MWHpNFclGX/lrabm5rObpYPNzSdVZDfb2j6oW8kub2Z6ax7kny8mekiP+T9zUz/ADifk6D1TFmWZdndbvNSmbss2+zuvth08Q932R1JbrId3+6F9Uw/tTtJfnsiWZ5agZsvNP3Sdtw/5eT9A/mSpy8znbU5WXaP5LfH0/eHLzRdVmazLYs7clsW283V8q1kOuvhO5+yLe/ILTfZA78/fanpogu2WZZ/25e7PMu2d19uutTuMc/vdzcznfV4f39//3gz08Wus7u7oem8MEjuH25mOvdgvi/Lff50I9NZT5ssz7PNw41Ml+1f3tR01vf8pqaf9vjdl5v++0vK8Jf0SbABQPvj283AqQbQJQB1vSrYvwcFMNUASgNSDgBtu1rEcp09ARgnoGUL9AOAZlwjYgMQYGp6pXwDgCEHGvaw/QDUbAEg2TKwF0MQeFHx4Y0sY18DPUc0ZNuyAHICaKtpaapNBU4RQvTOLoveNgCqskVDDjWZN2TTkkBbdotr7E2dj85EXNDXftHTf8oNmMgulWRBsiCLjkypLG354goSo0Rn6lQDEOA9winrQ5VgBcmSP2saeVpkk30a7IMHQozBRa9RnYkpnIdiAtByP3Q9f1VFjkjVvl6W6iAi6nxwXmNQL0GCg/ixAdDxioZUslmYaq+qolG9eomi4jWomtbsm4T+CjgvWCxdXM5gojE6dZDoVKE+qg9Xo33RiNQN1dwy/w4WA+BVJDpxTkRjjPE5ipP+fXDXkNPyQ0JEo0qMUYKKPo+qqofiPXBF9osPCe99CE5jjC66EEyO+6qqig+SzbQQ7E8blYmLTlyMITg98mMNaPph6NKnwQYEEXXOnUJ2zonIuP8QXJB9u6jGKuadB7w4F+NzjDH4qZgRdL2sxmaAACZOPNRbNRyHcgaW3fJVDQ8RAyAq6kbOUmF1nZaCYQAsiErwBmu6GZnOS5LVlJaBAYjzcCrq3Oygu/RyYVgEjkBQNJM79Pt53GZ5jU93PngPe67IlbkfgP3r7n04dv1M9jDvmJhzoRcEgc2NOq+qdiVwQECaye3t9W2zAriemmFmH7cr1fj1Pj2N1dDNirnq0org06V6Zo3LZl2w5XNSPRwPx+EQ/HrgVP16mX6Le1B1TlWck2Br1LgbyGqa0cn5QVQ1arCgTt+LfGbEdWvAnPOYzyIqIk6D96JOxdvSiUDzUaKPz4fDsRQVH1SDD6riTVyMTpaA65LV+8kegrogx2CiwV7Y0Yn3ISwAd6wafFDlIpm6EFQsOPEQ58R7Uec+n2qbphZARV47HsdurFgBpuq9iAXnxLy4qOHN0cIfTX0SeXX/KhKQqub09vImGkyiC/CisnjcVLHHm7t2TrIwwMbXC3mAOA1Bo/rlc66xmICB+e+VHq0Z2OF86TFxAcFFMXFhKbhuAaBgU5M/JbzoS7IFpstnqokTO92PV5ns1exhZD2SPcmOZEoDRwB9+vWdHQVYCZzyHgALJLLtybou2QFjASC1vw+Qotoqs0zragCJE5AzIWeDmiNgxZV5qumaQ9RuADBUQMMaGEcA/R//yCfAqTcAVQMkGtB0AOqbgAEgja8fnxwcf3ZCXxuANmHee2VFMJZM5xeDl+h/rQ/sN3iq9y4AAAAASUVORK5CYII=
Guam,iVBORw0KGgoAAAANSUhEUgAAAJUAAABQCAMAAAAnWcd6AAAAqFBMVEUAKXvGITmVI0qS2/x9I1F+JFECjOb+3lKM1PC5Ij4TlCe8LUcnn0uXyup4y9OvZoFnJFhIJWNStZKcq8yVvN6scY8sJmwQKHWj1+6MsKdPrOVhvqw7qGxmVDjMzMyoIUK1T2rBynawPFWfnK1Qm7n6+P+xWXeKeV2phqTfsFGKSQ+SZjAlnN/ty1XE4viLIkxPYGLJk10mgcVoraqGR3ItdKpuRgI9bQ7eojpWAAACzUlEQVRo3u3aW3OiMBQAYOOpQML9XgQrAiKitlXb7v//Z5sA3e7LPmzJTLI7OeMM8sJ8c04SOIEFkjEWSvVXKryUKfCkeljIFCulUiqlUiqlUiql+q9V6SqVT5VghH3ZVD5CrsnlShxVHjJriEy0TCVSPaDSBgC7RNtUGtUKteAYlAXtfBYvlUdREBQDK57N4qTyUEk5BglgZL3IoPIZimaqIIYRWA64yBOvSnDFSldYOcmtoYol8oWrtiabfWBYFiFFHgQOGCZOBas8FNK6EWIVhIYV5EEOIVqKVSXIdYogdwJCfnxQVT5NxESoaqwfLV9gbT6Ik1tWzs7NrUiVj2qWGyswHJIdrAIgJyxb3YxkzVctTWZwHAbLDg4TsROarBdxqhTFMAVxsgMUzuepi4WpUh9Fk8LIgarGeyGL+vtr1uxcvZjwFVT1Ffb3F/jZKuz+SQXmUphqGlZdbEdhWB8gtqEOu6Gq5VawKmzrMOzi+hC2HbgtDofhjsSphgpGZexGZZWdXLcCN45Fq3A7VDAMbYiiqI8ghMiwh7t1i4Wplr/PQaM35BjtHhryAntgx1Mmx8qQoG5U7anqsT49/opO4Cq6wOWk2j8/Pj319dNnlOLuOKwPvJ3P5zVV7dfrddOvp2jQSqAqRW+aptnPNCL653WjjfEm9EmGJuudWjb0t3mnms0rM52bOd0XB1WKK017Z6ohR7d+c2syvRL8hEyfRt/u57Fs93tzP/X9UXdnXZFL57VCV3232zWaltHD5XQ6Xuc19VxU6RYddeq66Duar0bXL+ac+vHq6BNsNtPU086ZTgeVBB09G1rVTWsyli6doWZejt9OkXnUx7hUc7dk+O2q+Z+si8lji46TijY7mLGO5swxxVXFsoWv+hVxQPHe2a64oLi/BdgmC9lUi9ST8I0Jt1AqpVIqpVIqpVIqWVVyfsWqvkP+l1U/AVw7PxRtS8gEAAAAAElFTkSuQmCC
Guatemala,iVBORw0KGgoAAAANSUhEUgAAAIAAAABQCAMAAADm3o3WAAAAdVBMVEX///+ywqR3lFnJ0sNghUH476p8m2VJl9CGuuD9/fyHoW9Pdy5ui0/Y3NSbsofx5JuluJS7yq/cxHD3+PLo7OPv8e6Tq3rq25Dm04Hh5eDDwbxrOiTs48GvpJqao4ZsVDH49NSdiHKQlWjOpSnFxpXCs2CCalE/03qUAAACDElEQVRo3u3XSW7cMBAF0M8xLs4UJWrs2fb9j5hFd5KtgcAMArA20kp6qC+KRfz4cr3hy/X29aeiAzqgAzqgAzqgAzqgAzqgAzqgA/4S4Mu/AZT8usrXDUaidoCV6RCer7WWvQCaUTNAcFV6AADt1moAANc8twIwc65rmabjOMp4szaAaE3c6FYALbLxoGOYlVJxfq/Be8DlPyF8M6CmIBnoqpZlnuf5mIwAxuC8bNMBSklKAki96kS6AI6z30vimzsgs0kAcFXLMCxDvCIzIMskpyaAUUtOwK8WRKUwagDOhDYRGMNf3/tVqXmOShWSwGg0F00ATFoHgIASl2UZhuE6WQJJ6VgLQMn8zgkoYqUYVYxzVMwSIANfS4sOVJOeERyDUnGJMc5VEqAZ400imNjJCQCI8zOB4V0bgLnEm/yIiFspNYDxNgzvx7FNp7POIO60TW2WYeZBeviTB2HbANxkQZLVjo32gqDZOU2nDcDqxQgktxVjRNKi0XY8isQvpwIID4h1kv5T6+0USrOJqLp91ySEAEBbTdNlPzvTcCQTl/3TfXwYACBxNsbuFyYaArb9YurHQzIAY+CPUD/3S24IICulk2deAS+Muz84t7fGY/mq7T3nzEQN4m5l8tQYEJx1BGIsr7Ym49sfTPxz+qACYh7Uz4Yd0AEd0AEd0AEd0AEd0AEd0AH/LeAnMsjXvH05PpoAAAAASUVORK5CYII=
Guernesey,iVBORw0KGgoAAAANSUhEUgAAAHgAAABQBAMAAAAgtay6AAAAFVBMVEX53RboES3////uVyTtRSf40RbrOChTI455AAAAmklEQVRYw+3XQQqAIBAF0IHoAEJ4gE7QpgMEuRcK9y28/xVSiGozI2hC0f+7wMckTQNDPRd1hj1CwMAFWFsKabe8yj5il/nasXQonHnngahRwMDA/8BKyIHZvAdPEu4S2EnYJ3ActRzWNoFpna9EfHs0lMJigB/GC/+pRqrZJGJ7mpo/xleGAYY+MDBw1dWoZCkrWwexfAOX4x1uzgTW51MNcwAAAABJRU5ErkJggg==
Guinée,iVBORw0KGgoAAAANSUhEUgAAAHgAAABQAgMAAACv9VkaAAAACVBMVEUAlGDOESb80RaADeWBAAAAJElEQVRIx+3JIQEAAAgDMEpSkpS4EwGz2VXHRB2ttdZaa/3bCynBHQ7grboRAAAAAElFTkSuQmCC
Guinée équatoriale,iVBORw0KGgoAAAANSUhEUgAAAHgAAABQCAMAAADlRUG7AAAAnFBMVEX////t7ejZ2dnU1NTqWVJus0De3t0+mgAAc87jIRjQ0M/4+foEmAT09PLFxcUFccb8/Pzl5eXIzcjm5ilfp+C9LjXb22+NP10Leq4mi04lZrEzkyHV6PbaJB87mAifyu1VVIoXgYEpidYJeM+ghXO0rqmIiIiYxJhSqVAuoi6qk3eMZ07g4FynnpWjdEXs7Mri4ptttW15Uz97gFynPMxfAAACVklEQVRo3sXX23KbMBCAYVZqFYSQiiCFJD3RxtgQH3DS93+3CuzUsY2VGY+yuxfGN55v4FeEEt3f0Ez05RsRHN/9JILj31RwfE8Fk2QeYJLMI0yReQcTZN7D+Jn3MH7mVxg9838YO/MBRs58gJEzv4FxM7+FUTMfwZiZj2DMzMcwYuYTGC/zKYyW+RRGy3wGY2U+h5EyT8A4mSfg+O4zwkzB8W2EMFNw/Ou9X2mV9SX0ZZ8pHRJ+/O77CYBeFbosttui1MVKawgGx3+U526LAsqi77dab/u+KKEoVDDYlzkrV2AFgIVhhIVVmYWDfZmVyvPEjft01zxRKgoIezMnTAix6LrhwnjAxfVe5gFepGnadm142JfZwTzdTRse9mTmbLzhcZ7Dw5czJ3nryKe/bZd2eXj4cuaELRbP+WzpltYHNPZkHle1eJqJj1jVlPD0o87O4QxlcTG9h2evMDCMP6fMguLjlrVZDp+MK7AYG4gCIcY7TpYvuy1TCKsQtsyMGxgw0WxezAhbzjOMl4QV2iZOXG+Wjbtwq1nIR315v7SMATfGJJznwwWaJiDseUMoM1/zXBjgDIwAszZGB4N978RIs2Y+58lw/kiM+yayYBuI/7DnaADubrwxiruTH+bx1j1wt65yECq6dq4/0Culrmen4MeHTwgz9U/bV4kwE3AlaeBa0sAPP2hgnMATcCVp4FrSwFiBT2G0wKdwJWngWtLAiIGPYMzAR3AlaeBa0sC4gQ8wcuADXEkauJY0MHrgPYwfeA9XkgauJQ1MEXiASQIPcEXjyn8Ywfrv4ddorAAAAABJRU5ErkJggg==
Guinée-Bissau,iVBORw0KGgoAAAANSUhEUgAAAKAAAABQBAMAAABsc2MHAAAAGFBMVEXOESb80RYAnkkFAADtkBpFbjxbBhCfDByd2PCWAAAAs0lEQVRYw+3UQQrDIBQE0A82cd0r9ASBAb2O8C8QEHL+LhIaLXSjs+hiZhF3j3yHr9nPPJ4jMYECBQoUKFCgwEGwsMFMBmMigyvIYMDOBSsKF3RsXBDIVDACiQY67hTKH95e5oy8fkDWHdZ+YEIp3g1strxG0i1eO/A/ggEAmm2eBmvfyTzowIFmm6dBoJgTW45I14cEns9182jPguGso/JGvo6dVsp3BAoUKFCgQIECBb4BiPfCtnRH42UAAAAASUVORK5CYII=
Guyana,iVBORw0KGgoAAAANSUhEUgAAAIUAAABQCAMAAAAA90aSAAAAb1BMVEUqk2r9+OgNAgL//PQAAAAlCQf589j/wg6+Hi3/////4ov/2Wc+nXZ1tpBPLA7/ySh1EhtXqYKTw53l6cyvGylPDBKtzqj/0Uf/8MG/jAvmrhD/6amYFyPE2LP6vQ3U4L2JXAp/UgurpYyTZAt6ZWUUWGNfAAACAklEQVRo3s3aiXaCMBQEUAU0L26tgrUrVuv/f2NZogcwQF4IZOYL5niJkJfMdtftzH+i6DY/bzfeW0SLq5TxYe+zxWuQ9djFUsrljz8bomNWI7qFWQ8Z+rIhomRRsMxlkfiw8dKCqGT5XC3LIsu3vY8WiuWSvqzfCxo58bpRLRTLhxBi/TW9DT2iWLIe4jS1DVWSswSXNO8hMht5t5m2BX0/WIrcbcLRbaieCouY0IaaqbJMZvPUoslSsxlr3ZAmTZbxbUibJ5aGjesXn76FlmXEdUNt0bKMZdPagpKC5TfV9HBuQx1pZXFuQ51pZ3Fr092ik8WhDfWlm0XZhANtqD89LC5sDFr0s5Q2K3sbMooBS93mzLMhw5iw1G1iho1pizuLMAjfhsxjylIuYJYNcWLMwrVhteCwsGyIGQ6LuQ2xw2Mxs+G3UCx/gpVuG7IJm6XPhuxiwaJs5jobyxZ2LHWbyvCIrGPHorehAclZgl0qrFKzGdLimP8a9i3UwGZYCwQR+6fz5O7pRFipCP9aEP/gCG8zhDc7xFcOwhcfwtcvxE4AYVeEsEOE2C0jTA4QpigQEyWE6RrCpBFi6oowgUaYxicIJxMIpzRdJ1bhRCdWCcLpHcJJJsSpLsIJN8JpP8TNB4Xh9RYIwo0YiNtBBYbnm1IYt8YCiBt0GLcJIW5W/gNGAbjG/oV18wAAAABJRU5ErkJggg==
Guyane,iVBORw0KGgoAAAANSUhEUgAAAHgAAABQCAMAAADlRUG7AAAAP1BMVEUHiTAycCr5xgr0pwyNvlD63hvi20P83QnaEhotmDvtgA+8IhviPxXXGxjaZBzfLhb71Ah8RiN2SSOARCJjVCbnPJPzAAABnklEQVRo3sXWy5aCMBCEYRLUarmKzvs/6yxQCBAgBLpSu1n95+tBDtnjmaUZ7rdEYSANGkAaNIA06D6cAI3f2OghzEbDGRXthqloTMdDz8I8NBYjoZdhEhq+MdDeMAONlamj18LqaKxPF70R1kVjc4ro7bAiGnvTQu+GtdAImAo6JKyCRtiuRweGfWhjGGEP+vPhhBfouiSFZ2gjYljhCboT6WhhF12KlMTwgDYip26N4+vRbxGRNzXco0uRU7c+2LSteFcabfGr8XU7xqnzep6tDed/bKtptqQ9XCjc8B/vqXbPXZuMGbYjmBseb1031LDzeFWRHycnLl30bhv3RRZ96TYH8lZEirgvsthLN6/fe6yK+wyNu3SdOz8sG/UZGnXpyg6vbtiqiPr2jnp9+P88hsaFO4TGpTuAvjZ8AI2rF4q+PByKhsKC0BrhIDR0to9WCu+jobYdtF54Bw3NbaFVw1toKG8VrR1eRUN/fjQh7EeDMg+aE/agwdocTQvP0SBugmaGJ2hwN6LJ4REN+r5ofviLRoo9nonCuN/+AXrUiM+hOfKcAAAAAElFTkSuQmCC
Haïti,iVBORw0KGgoAAAANSUhEUgAAAIUAAABQCAMAAAAA90aSAAABnlBMVEUAIJ/SEDT///8BahafJixAWLcBZxT+/v7b3/Ha3vH29PT53OH53eI0f0Dp6uTdpRRIeg9UiV/V19bv5c0VbyQ9dg36+fdBfEzR08QWZCe0qY8+iUsVbhG8wb0BGZJvm3ckejAPKY3MzM04RIyHp412hg3CkRJITIuIiRNzoXygeBTHT0KfuqPj5d81dkL38uLu7vDRmw3iv2RmdLEKJ5wFYBakwqoscg9zix4lczO1ih0CVA6dhkfJw8h0N2jGtIxjlm3Lw7DIqGHZ39q/uaiLsJJUfBGQbBLMKUA8UavBPzrKakThtELJGzbnz5DJt1uZTW2edmqJdEtmgg9+p4aTt5qmgCShlhK0nWa+hQyvcxm6v9haDVR6eII1NI+wrq+gn5yzzLgtbQ+VQB7Gcg9ZaA8oQKBlTVbo1tdYZJpWWYfJlxi/nhG8mAvHDTMeNJ1+iLdBIWfx4LZnj2+HUoWckYmmF04sVhrBoLv30tn1yNCtq02qka+iNFKqsdOfXoWJeKhxf7s0aT+DW4OZnCm/pSCntHrDgnbmeY7ldYr2LrmTAAAEXElEQVRo3u2X13PiVhTGVWzdRImE6L2Y3qtpBtPb0sGAe+913b29l+S/zpXJzL7sw/pBIpPRNwOj80nD/ek7R5oLgggSJEiQIEGCBAkS9N/Ss+mn6BlHFL9hP5Xi5/bvPFIAjJy5nDiFd9u8dgvomKs4MQqgAEN1Ob+ZkyXFejAhim2xMjfw+rP+lFJMKSnvRChiN1a/Wq2OEupPyhux2Gj1TYIiOFAblX6tOpqKqm+MSrVqMlmorUl/1J9KRZU5pdqrt4IJUCgGeuUntRhS+JUyVcwaVPCfBbxv0uuSGYNJWUqsLA8eHQzwSwECNIZJrC6VIilODbTB4uP60gDPWSjCUvja9GGg7E1brY/NANIwn1mQ7GLXoswLtqClVdXjI/oiI5KyLCRPFIFwAOaQ6QUxn28Lky7TYMtHY8FehoSdCgf46sh1eP3DbdeiIklNSaWqSs0ljYJUWbq3H9bD17zNBehdvXm/gZz48vlSSWqXlkr5ku8E2Xj/5qoHeKEAcJlg13D8DhrrqrxGk3VnNZq8ah3W744N3eD4Eo4pFG0pWH1rQByz0LnLZjVLp0uabPYOVrMOxPDWDKRtBfdZBJoFxyqsHDMIMrNZ0KSraU1hky0c0F11FJqBp3cE/XX9OR4K+jDDUiCO5wjyubCUDsEsPiPIBguBrGYO6fFc/PGEX346BUauGSKPW1uLBbn3LKXd6SXPPVuwG+SIYY3khSK4ZkAOLtmx2Di5QBuj0KiB3p+wScxeHiB8UYB52IqPbBxXtTqKrrhXULTe2mCD+Iggz+cxXigwbBretuUgMmtBWx7UE/KgjRaamY0cWGBA0xg/FEARMcAnYgY5XkfR2nePu/69hl7Uj1kLMUQUPFDANUDTPhrNzY0OZ7Sei1a3EWp0WxcekeWQNUf2Jhj/UeKQ4mXtCAOd0bIoZA+JQs7lRq1Vr9ZbtcaKe+wtjzoYdlR7ySUF+fcrGk6fot+32+fm7O6V3amp3l1vamp3xc0ap/0+jGGefvUXye1cgHkJiRX6adGpSOR82N/Z99Q98PvBKYJOul/ASMk8H9MpKfo6XyoMs7AoWpTL9/f29iqMHB4vMEzlS4cuSrifTnafN0zqzpy2xBmVsJ2fO/f2lqvn57YEdZawOc9w0xDudaTcUrSbgNYSFWYhYUvEY4P4ory6u7tblS/ulL1x6C0wFUJLg2abSwoQbn9z6uQ2p42p6BZ0uOm1DI8+ELjstYmAdYWBZ+Q657c23AdzmEXnK4MT8viOXO7PUUwc/6E4I87J4Jm4nMCZrx3usjgqy3Q6QhvbNktIiVlipXDih0xab9FM02bz9lCG63Sm4RFHFCaCwHNeSbFs1Gopats8v7Wp12/p9RK9xKyHx7FolBK7YrS5rIVXUpxRUEOJMUmMW0AQMkpsdLmMOfhxiWEw//aGoKxFYxI3cUWBE1oZ/isyUQRnFFNPE0cU3EmgECgECoFCoBAoBAqBQqD4v1P8A3rZ2Sap5z7HAAAAAElFTkSuQmCC
